Type,Class,Family.name,Human.nucleotide.RefSeq,HGNC.symbol,Human.protein.RefSeq,HGNC.name,Human.genetic.localisation,Human.SwissProt,ensembl_gene_id,ensembl_peptide_id
gpcr,A,Adrenoceptors,NM_000024,ADRB2,NP_000015,adrenoceptor beta 2,5q31-q32,P07550,ENSG00000169252,ENSP00000305372
gpcr,A,Adrenoceptors,NM_000025,ADRB3,NP_000016,adrenoceptor beta 3,8p12-p11.2,P13945,ENSG00000188778,ENSP00000343782
gpcr,A,Vasopressin and oxytocin receptors,NM_000054,AVPR2,NP_000045,arginine vasopressin receptor 2,Xq28,P30518,ENSG00000126895,ENSP00000496396
gpcr,A,Endothelin receptors,NM_000115,EDNRB,NP_000106,endothelin receptor type B,13q22,P24530,ENSG00000136160,ENSP00000493895
gpcr,A,Glycoprotein hormone receptors,NM_000145,FSHR,NP_000136,follicle stimulating hormone receptor,2p21-p16,P23945,ENSG00000170820,ENSP00000384708
gpcr,B1,Glucagon receptor family,NM_000160,GCGR,NP_000151,glucagon receptor,17q25,P47871,ENSG00000215644,ENSP00000383558
gpcr,B1,Glucagon receptor family,NM_000164,GIPR,NP_000155,gastric inhibitory polypeptide receptor,19q13.3,P48546,ENSG00000010310,ENSP00000467494
gpcr,A,Glycoprotein hormone receptors,NM_000233,LHCGR,NP_000224,luteinizing hormone/choriogonadotropin receptor,2p21,P22888,ENSG00000138039,ENSP00000294954
gpcr,B1,Parathyroid hormone receptors,NM_000316,PTH1R,NP_000307,parathyroid hormone 1 receptor,3p22-p21.1,Q03431,ENSG00000160801,ENSP00000402723
gpcr,A,Glycoprotein hormone receptors,NM_000369,TSHR,NP_000360,thyroid stimulating hormone receptor,14q31,P16473,ENSG00000165409,ENSP00000298171
gpcr,C,Calcium-sensing receptor,NM_000388,CASR,NP_000379,calcium sensing receptor,3q21-q24,P41180,ENSG00000036828,ENSP00000491584
gpcr,A,Gonadotrophin-releasing hormone receptors,NM_000406,GNRHR,NP_000397,gonadotropin releasing hormone receptor,4q21.2,P30968,ENSG00000109163,ENSP00000226413
gpcr,A,Opsin receptors,NM_000513,OPN1MW,NP_000504,"opsin 1, medium wave sensitive",Xq28,P04001,ENSG00000268221,ENSP00000472316
gpcr,A,5-Hydroxytryptamine receptors,NM_000524,HTR1A,NP_000515,5-hydroxytryptamine receptor 1A,5q11.2-q13,P08908,ENSG00000178394,ENSP00000316244
gpcr,A,Melanocortin receptors,NM_000529,MC2R,NP_000520,melanocortin 2 receptor,18p11.21,Q01718,ENSG00000185231,ENSP00000333821
gpcr,A,Opsin receptors,NM_000539,RHO,NP_000530,rhodopsin,3q22.1,P08100,ENSG00000163914,ENSP00000296271
gpcr,A,Chemokine receptors,NM_000579,CCR5,NP_000570,C-C motif chemokine receptor 5 (gene/pseudogene),3p21,P51681,ENSG00000160791,ENSP00000292303
gpcr,A,5-Hydroxytryptamine receptors,NM_000621,HTR2A,NP_000612,5-hydroxytryptamine receptor 2A,13q14-q21,P28223,ENSG00000102468,ENSP00000437737
gpcr,A,Bradykinin receptors,NM_000623,BDKRB2,NP_000614,bradykinin receptor B2,14q32.1-q32.2,P30411,ENSG00000168398,ENSP00000450482
gpcr,A,Chemokine receptors,NM_000634,CXCR1,NP_000625,C-X-C motif chemokine receptor 1,2q35,P25024,ENSG00000163464,ENSP00000295683
gpcr,A,Adenosine receptors,NM_000674,ADORA1,NP_000665,adenosine A1 receptor,1q32.1,P30542,ENSG00000163485,ENSP00000338435
gpcr,A,Adenosine receptors,NM_000675,ADORA2A,NP_000666,adenosine A2a receptor,22q11.23,P29274,ENSG00000128271,ENSP00000336630
gpcr,A,Adenosine receptors,NM_000676,ADORA2B,NP_000667,adenosine A2b receptor,17p12-p11.2,P29275,ENSG00000170425,ENSP00000304501
gpcr,A,Adenosine receptors,NM_000677,ADORA3,NP_000668,adenosine A3 receptor,1p13.2,P0DMS8,ENSG00000282608,ENSP00000241356
gpcr,A,Adrenoceptors,NM_000678,ADRA1D,NP_000669,adrenoceptor alpha 1D,20p13,P25100,ENSG00000171873,ENSP00000368766
gpcr,A,Adrenoceptors,NM_000679,ADRA1B,NP_000670,adrenoceptor alpha 1B,5q23-q32,P35368,ENSG00000170214,ENSP00000306662
gpcr,A,Adrenoceptors,NM_000680,ADRA1A,NP_000671,adrenoceptor alpha 1A,8p21-p11.2,P35348,ENSG00000120907,ENSP00000369947
gpcr,A,Adrenoceptors,NM_000681,ADRA2A,NP_000672,adrenoceptor alpha 2A,10q24-q26,P08913,ENSG00000150594,ENSP00000280155
gpcr,A,Adrenoceptors,NM_000682,ADRA2B,NP_000673,adrenoceptor alpha 2B,2p13-q13,P18089,ENSG00000274286,ENSP00000480573
gpcr,A,Adrenoceptors,NM_000683,ADRA2C,NP_000674,adrenoceptor alpha 2C,4p16,P18825,ENSG00000184160,ENSP00000386069
gpcr,A,Adrenoceptors,NM_000684,ADRB1,NP_000675,adrenoceptor beta 1,10q24-q26,P08588,ENSG00000043591,ENSP00000358301
gpcr,A,Angiotensin receptors,NM_000685,AGTR1,NP_000676,angiotensin II receptor type 1,3q21-q25,P30556,ENSG00000144891,ENSP00000273430
gpcr,A,Angiotensin receptors,NM_000686,AGTR2,NP_000677,angiotensin II receptor type 2,Xq22-q23,P50052,ENSG00000180772,ENSP00000360973
gpcr,A,Vasopressin and oxytocin receptors,NM_000706,AVPR1A,NP_000697,arginine vasopressin receptor 1A,12q14-q15,P37288,ENSG00000166148,ENSP00000299178
gpcr,A,Vasopressin and oxytocin receptors,NM_000707,AVPR1B,NP_000698,arginine vasopressin receptor 1B,1q32,P47901,ENSG00000198049,ENSP00000356094
gpcr,A,Bradykinin receptors,NM_000710,BDKRB1,NP_000701,bradykinin receptor B1,14q32.1-q32.2,P46663,ENSG00000100739,ENSP00000216629
gpcr,A,Cholecystokinin receptors,NM_000730,CCKAR,NP_000721,cholecystokinin A receptor,4p15.1-p15.2,P32238,ENSG00000163394,ENSP00000295589
gpcr,A,Acetylcholine receptors (muscarinic),NM_000738,CHRM1,NP_000729,cholinergic receptor muscarinic 1,11q13,P11229,ENSG00000168539,ENSP00000306490
gpcr,A,Acetylcholine receptors (muscarinic),NM_000739,CHRM2,NP_000730,cholinergic receptor muscarinic 2,7q31-q35,P08172,ENSG00000181072,ENSP00000384401
gpcr,A,Acetylcholine receptors (muscarinic),NM_000740,CHRM3,NP_000731,cholinergic receptor muscarinic 3,1q41-q44,P20309,ENSG00000133019,ENSP00000255380
gpcr,A,Acetylcholine receptors (muscarinic),NM_000741,CHRM4,NP_000732,cholinergic receptor muscarinic 4,11p12-p11.2,P08173,ENSG00000180720,ENSP00000409378
gpcr,A,Dopamine receptors,NM_000794,DRD1,NP_000785,dopamine receptor D1,5q35.1,P21728,ENSG00000184845,ENSP00000377353
gpcr,A,Dopamine receptors,NM_000795,DRD2,NP_000786,dopamine receptor D2,11q23,P14416,ENSG00000149295,ENSP00000354859
gpcr,A,Dopamine receptors,NM_000796,DRD3,NP_000787,dopamine receptor D3,3q13.3,P35462,ENSG00000151577,ENSP00000373169
gpcr,A,Dopamine receptors,NM_000797,DRD4,NP_000788,dopamine receptor D4,11p15.5,P21917,ENSG00000276825,ENSP00000478431
gpcr,A,Dopamine receptors,NM_000797,DRD4,NP_000788,dopamine receptor D4,11p15.5,P21917,ENSG00000069696,ENSP00000176183
gpcr,A,Dopamine receptors,NM_000798,DRD5,NP_000789,dopamine receptor D5,4p16.1,P21918,ENSG00000169676,ENSP00000306129
gpcr,B1,Glucagon receptor family,NM_000823,GHRHR,NP_000814,growth hormone releasing hormone receptor,7p14,Q02643,ENSG00000106128,ENSP00000320180
gpcr,C,Metabotropic glutamate receptors,NM_000839,GRM2,NP_000830,glutamate metabotropic receptor 2,3q21.31,Q14416,ENSG00000164082,ENSP00000378492
gpcr,C,Metabotropic glutamate receptors,NM_000840,GRM3,NP_000831,glutamate metabotropic receptor 3,7q21.1-q21.2,Q14832,ENSG00000198822,ENSP00000355316
gpcr,C,Metabotropic glutamate receptors,NM_000841,GRM4,NP_000832,glutamate metabotropic receptor 4,6p21.3,Q14833,ENSG00000124493,ENSP00000440556
gpcr,C,Metabotropic glutamate receptors,NM_000842,GRM5,NP_000833|NP_001137303,glutamate metabotropic receptor 5,11q14.2,P41594,ENSG00000168959,ENSP00000405690
gpcr,C,Metabotropic glutamate receptors,NM_000843,GRM6,NP_000834,glutamate metabotropic receptor 6,5q35,O15303,ENSG00000113262,ENSP00000430767
gpcr,C,Metabotropic glutamate receptors,NM_000844,GRM7,NP_000835|NP_870989,glutamate metabotropic receptor 7,3p26.1-p25.1,Q14831,ENSG00000196277,ENSP00000350348
gpcr,C,Metabotropic glutamate receptors,NM_000845,GRM8,NP_000836|NP_001120795,glutamate metabotropic receptor 8,7q31.3-q32,O00222,ENSG00000179603,ENSP00000344173
gpcr,A,Histamine receptors,NM_000861,HRH1,NP_000852,histamine receptor H1,3p25,P35367,ENSG00000196639,ENSP00000380247
gpcr,A,5-Hydroxytryptamine receptors,NM_000863,HTR1B,NP_000854,5-hydroxytryptamine receptor 1B,6q13,P28222,ENSG00000135312,ENSP00000358963
gpcr,A,5-Hydroxytryptamine receptors,NM_000864,HTR1D,NP_000855,5-hydroxytryptamine receptor 1D,1p36.3-p34.3,P28221,ENSG00000179546,ENSP00000363748
gpcr,A,5-Hydroxytryptamine receptors,NM_000865,HTR1E,NP_000856,5-hydroxytryptamine receptor 1E,6q14-q15,P28566,ENSG00000168830,ENSP00000307766
gpcr,A,5-Hydroxytryptamine receptors,NM_000866,HTR1F,NP_000857,5-hydroxytryptamine receptor 1F,3p12,P30939,ENSG00000179097,ENSP00000322924
gpcr,A,5-Hydroxytryptamine receptors,NM_000867,HTR2B,NP_000858,5-hydroxytryptamine receptor 2B,2q36.3-q37.1,P41595,ENSG00000135914,ENSP00000258400
gpcr,A,5-Hydroxytryptamine receptors,NM_000868,HTR2C,NP_000859,5-hydroxytryptamine receptor 2C,Xq24,P28335,ENSG00000147246,ENSP00000276198
gpcr,A,5-Hydroxytryptamine receptors,NM_000870,HTR4,NP_000861,5-hydroxytryptamine receptor 4,5q31-q33,Q13639,ENSG00000164270,ENSP00000367120
gpcr,A,5-Hydroxytryptamine receptors,NM_000871,HTR6,NP_000862,5-hydroxytryptamine receptor 6,1p36-p35,P50406,ENSG00000158748,ENSP00000289753
gpcr,A,5-Hydroxytryptamine receptors,NM_000872,HTR7,NP_000863,5-hydroxytryptamine receptor 7,10q21-q24,P34969,ENSG00000148680,ENSP00000277874
gpcr,A,Neuropeptide Y receptors,NM_000909,NPY1R,NP_000900,neuropeptide Y receptor Y1,4q31.3-q32,P25929,ENSG00000164128,ENSP00000354652
gpcr,A,Neuropeptide Y receptors,NM_000910,NPY2R,NP_000901,neuropeptide Y receptor Y2,4q31,P49146,ENSG00000185149,ENSP00000332591
gpcr,A,Opioid receptors,NM_000911,OPRD1,NP_000902,opioid receptor delta 1,1p36.1-p34.3,P41143,ENSG00000116329,ENSP00000234961
gpcr,A,Opioid receptors,NM_000912,OPRK1,NP_000903,opioid receptor kappa 1,8q11.2,P41145,ENSG00000082556,ENSP00000265572
gpcr,A,Opioid receptors,NM_000913,OPRL1,NP_000904,opioid related nociceptin receptor 1,20q13.33,P41146,ENSG00000125510,ENSP00000347848
gpcr,A,Opioid receptors,NM_000914,OPRM1,NP_000905,opioid receptor mu 1,6q24-q25,P35372,ENSG00000112038,ENSP00000328264
gpcr,A,Vasopressin and oxytocin receptors,NM_000916,OXTR,NP_000907,oxytocin receptor,3p25,P30559,ENSG00000180914,ENSP00000324270
gpcr,A,Platelet-activating factor receptor,NM_000952,PTAFR,NP_000943,platelet activating factor receptor,1p35-p34.3,P25105,ENSG00000169403,ENSP00000362965
gpcr,A,Prostanoid receptors,NM_000953,PTGDR,NP_000944,prostaglandin D2 receptor,14q22.1,Q13258,ENSG00000168229,ENSP00000303424
gpcr,A,Prostanoid receptors,NM_000955,PTGER1,NP_000946,prostaglandin E receptor 1,19p13.1,P34995,ENSG00000160951,ENSP00000292513
gpcr,A,Prostanoid receptors,NM_000956,PTGER2,NP_000947,prostaglandin E receptor 2,14q22.1,P43116,ENSG00000125384,ENSP00000245457
gpcr,A,Prostanoid receptors,NM_000958,PTGER4,NP_000949,prostaglandin E receptor 4,5p13.1,P35408,ENSG00000171522,ENSP00000302846
gpcr,A,Prostanoid receptors,NM_000959,PTGFR,NP_000950,prostaglandin F receptor,1p31.1,P43088,ENSG00000122420,ENSP00000359793
gpcr,A,Prostanoid receptors,NM_000960,PTGIR,NP_000951,prostaglandin I2 receptor,19q13.3,P43119,ENSG00000160013,ENSP00000291294
gpcr,A,Olfactory recpetors,NM_001001656,OR9A4,,,,,ENSG00000258083,ENSP00000448789
gpcr,A,Olfactory recpetors,NM_001001657,OR2Y1,,,,,ENSG00000174339,ENSP00000312403
gpcr,A,Olfactory recpetors,NM_001001658,OR9A2,,,,,ENSG00000273914,ENSP00000479412
gpcr,A,Olfactory recpetors,NM_001001658,OR9A2,,,,,ENSG00000179468,ENSP00000316518
gpcr,A,Olfactory recpetors,NM_001001659,OR2A14,,,,,ENSG00000221938,ENSP00000386137
gpcr,A,Olfactory recpetors,NM_001001659,OR2A14,,,,,ENSG00000284891,ENSP00000496209
gpcr,A,Olfactory recpetors,NM_001001667,OR6V1,,,,,ENSG00000225781,ENSP00000396085
gpcr,A,Olfactory recpetors,NM_001001667,OR6V1,,,,,ENSG00000277378,ENSP00000483439
gpcr,A,Olfactory recpetors,NM_001001674,OR4F15,,,,,ENSG00000182854,ENSP00000333184
gpcr,A,Olfactory recpetors,NM_001001821,OR2T34,,,,,ENSG00000183310,ENSP00000330904
gpcr,A,Olfactory recpetors,NM_001001824,OR2T27,,,,,ENSG00000187701,ENSP00000342008
gpcr,A,Olfactory recpetors,NM_001001827,OR2T35,,,,,ENSG00000177151,ENSP00000324369
gpcr,A,Olfactory recpetors,NM_001001912,OR4E2,,,,,ENSG00000221977,ENSP00000386195
gpcr,A,Olfactory recpetors,NM_001001913,OR52N1,,,,,ENSG00000181001,ENSP00000322823
gpcr,A,Olfactory recpetors,NM_001001914,OR2G3,,,,,ENSG00000177476,ENSP00000326301
gpcr,A,Olfactory recpetors,NM_001001915,OR2G2,,,,,ENSG00000177489,ENSP00000326349
gpcr,A,Olfactory recpetors,NM_001001916,OR52J3,,,,,ENSG00000205495,ENSP00000369728
gpcr,A,Olfactory recpetors,NM_001001917,OR56A1,,,,,ENSG00000180934,ENSP00000493321
gpcr,A,Olfactory recpetors,NM_001001918,OR14C36,,,,,ENSG00000177174,ENSP00000324534
gpcr,A,Olfactory recpetors,NM_001001919,OR13C4,,,,,ENSG00000148136,ENSP00000277216
gpcr,A,Olfactory recpetors,NM_001001920,OR4C15,,,,,ENSG00000181939,ENSP00000493126
gpcr,A,Olfactory recpetors,NM_001001921,OR5AS1,,,,,ENSG00000181785,ENSP00000324111
gpcr,A,Olfactory recpetors,NM_001001922,OR52N5,,,,,ENSG00000181009,ENSP00000322866
gpcr,A,Olfactory recpetors,NM_001001923,OR5C1,,,,,ENSG00000148215,ENSP00000362784
gpcr,A,Olfactory recpetors,NM_001001952,OR5D18,,,,,ENSG00000186119,ENSP00000335025
gpcr,A,Olfactory recpetors,NM_001001953,OR10G9,,,,,ENSG00000236981,ENSP00000364164
gpcr,A,Olfactory recpetors,NM_001001954,OR5A2,,,,,ENSG00000172324,ENSP00000492975
gpcr,A,Olfactory recpetors,NM_001001955,OR4C13,,,,,ENSG00000258817,ENSP00000452277
gpcr,A,Olfactory recpetors,NM_001001956,OR13C9,,,,,ENSG00000136839,ENSP00000259362
gpcr,A,Olfactory recpetors,NM_001001957,OR2W3,,,,,ENSG00000238243,ENSP00000353516
gpcr,A,Olfactory recpetors,NM_001001958,OR7G3,,,,,ENSG00000170920,ENSP00000302867
gpcr,A,Olfactory recpetors,NM_001001959,OR11L1,,,,,ENSG00000197591,ENSP00000348033
gpcr,A,Olfactory recpetors,NM_001001960,OR5W2,,,,,ENSG00000187612,ENSP00000342448
gpcr,A,Olfactory recpetors,NM_001001961,OR13C3,,,,,ENSG00000204246,ENSP00000363913
gpcr,A,Olfactory recpetors,NM_001001963,OR2L8,,,,,ENSG00000279263,ENSP00000485287
gpcr,A,Olfactory recpetors,NM_001001964,OR2T11,,,,,ENSG00000279301,ENSP00000485455
gpcr,A,Olfactory recpetors,NM_001001965,OR4D5,,,,,ENSG00000171014,ENSP00000305970
gpcr,A,Olfactory recpetors,NM_001001966,OR14A16,,,,,ENSG00000196772,ENSP00000350248
gpcr,A,Olfactory recpetors,NM_001001967,OR5D13,,,,,ENSG00000279761,ENSP00000485428
gpcr,A,Olfactory recpetors,NM_001001968,OR6S1,,,,,ENSG00000181803,ENSP00000313110
gpcr,A,Olfactory recpetors,NM_001002907,OR8K1,,,,,ENSG00000263328,ENSP00000461384
gpcr,A,Olfactory recpetors,NM_001002907,OR8K1,,,,,ENSG00000150261,ENSP00000279783
gpcr,A,Class A Orphans,NM_001002911,GPR139,NP_001002911,G protein-coupled receptor 139,16p12.3,Q6DWJ6,ENSG00000180269,ENSP00000458791
gpcr,A,Olfactory recpetors,NM_001002917,OR8D1,,,,,ENSG00000196341,ENSP00000350474
gpcr,A,Olfactory recpetors,NM_001002918,OR8D2,,,,,ENSG00000279116,ENSP00000485661
gpcr,A,Olfactory recpetors,NM_001002925,OR5AP2,,,,,ENSG00000172464,ENSP00000442701
gpcr,A,Olfactory recpetors,NM_001003443,OR56A3,,,,,ENSG00000184478,ENSP00000331572
gpcr,A,Olfactory recpetors,NM_001003745,OR10A3,,,,,ENSG00000170683,ENSP00000353988
gpcr,A,Olfactory recpetors,NM_001003745,OR10A3,,,,,ENSG00000281680,ENSP00000487530
gpcr,A,Olfactory recpetors,NM_001003745,OR10A3,,,,,ENSG00000273953,ENSP00000484096
gpcr,A,Olfactory recpetors,NM_001003750,OR8I2,,,,,ENSG00000172154,ENSP00000303864
gpcr,A,Olfactory recpetors,NM_001004052,OR52B2,,,,,ENSG00000255307,ENSP00000432011
gpcr,A,Olfactory recpetors,NM_001004058,OR8K5,,,,,ENSG00000181752,ENSP00000323853
gpcr,A,Olfactory recpetors,NM_001004059,OR4S2,,,,,ENSG00000174982,ENSP00000310337
gpcr,A,Olfactory recpetors,NM_001004063,OR4K1,,,,,ENSG00000155249,ENSP00000285600
gpcr,A,Olfactory recpetors,NM_001004064,OR8J3,,,,,ENSG00000167822,ENSP00000301529
gpcr,A,Olfactory recpetors,NM_001004124,OR4P4,,,,,ENSG00000181927,ENSP00000324831
gpcr,A,Olfactory recpetors,NM_001004134,OR10AD1,,,,,ENSG00000172640,ENSP00000308689
gpcr,A,Olfactory recpetors,NM_001004135,OR2A12,,,,,ENSG00000284949,ENSP00000500844
gpcr,A,Olfactory recpetors,NM_001004135,OR2A12,,,,,ENSG00000221858,ENSP00000386174
gpcr,A,Olfactory recpetors,NM_001004136,OR2T2,,,,,ENSG00000276821,ENSP00000482837
gpcr,A,Olfactory recpetors,NM_001004136,OR2T2,,,,,ENSG00000275754,ENSP00000481002
gpcr,A,Olfactory recpetors,NM_001004136,OR2T2,,,,,ENSG00000196240,ENSP00000343062
gpcr,A,Olfactory recpetors,NM_001004137,OR52M1,,,,,ENSG00000197790,ENSP00000353343
gpcr,A,Olfactory recpetors,NM_001004195,OR4F4,,,,,ENSG00000177693,ENSP00000317482
gpcr,A,Olfactory recpetors,NM_001004297,OR13A1,,,,,ENSG00000256574,ENSP00000451950
gpcr,A,Olfactory recpetors,NM_001004297,OR13A1,,,,,ENSG00000277495,ENSP00000483252
gpcr,C,Class C Orphans,NM_001004334,GPR179,NP_001004334,G protein-coupled receptor 179,17q12,Q6PRD1,ENSG00000277399,ENSP00000483469
gpcr,C,Class C Orphans,NM_001004334,GPR179,NP_001004334,G protein-coupled receptor 179,17q12,Q6PRD1,ENSG00000276469,ENSP00000484951
gpcr,A,Olfactory recpetors,NM_001004450,OR1B1,,,,,ENSG00000280094,ENSP00000485577
gpcr,A,Olfactory recpetors,NM_001004451,OR1J1,,,,,ENSG00000136834,ENSP00000259357
gpcr,A,Olfactory recpetors,NM_001004452,OR1J4,,,,,ENSG00000239590,ENSP00000343521
gpcr,A,Olfactory recpetors,NM_001004453,OR1L6,,,,,ENSG00000171459,ENSP00000304235
gpcr,A,Olfactory recpetors,NM_001004454,OR1L8,,,,,ENSG00000171496,ENSP00000306607
gpcr,A,Olfactory recpetors,NM_001004456,OR1M1,,,,,ENSG00000170929,ENSP00000401966
gpcr,A,Olfactory recpetors,NM_001004457,OR1N2,,,,,ENSG00000171501,ENSP00000362792
gpcr,A,Olfactory recpetors,NM_001004458,OR1S1,,,,,ENSG00000280204,ENSP00000485156
gpcr,A,Olfactory recpetors,NM_001004459,OR1S2,,,,,ENSG00000197887,ENSP00000305469
gpcr,A,Olfactory recpetors,NM_001004460,OR10A2,,,,,ENSG00000170790,ENSP00000303862
gpcr,A,Olfactory recpetors,NM_001004461,OR10A6,,,,,ENSG00000280899,ENSP00000486810
gpcr,A,Olfactory recpetors,NM_001004461,OR10A6,,,,,ENSG00000276451,ENSP00000478945
gpcr,A,Olfactory recpetors,NM_001004461,OR10A6,,,,,ENSG00000279000,ENSP00000485518
gpcr,A,Olfactory recpetors,NM_001004462,OR10G4,,,,,ENSG00000254737,ENSP00000325076
gpcr,A,Olfactory recpetors,NM_001004463,OR10G7,,,,,ENSG00000182634,ENSP00000329689
gpcr,A,Olfactory recpetors,NM_001004464,OR10G8,,,,,ENSG00000234560,ENSP00000389072
gpcr,A,Olfactory recpetors,NM_001004465,OR10H4,,,,,ENSG00000176231,ENSP00000318834
gpcr,A,Olfactory recpetors,NM_001004466,OR10H5,,,,,ENSG00000172519,ENSP00000310704
gpcr,A,Olfactory recpetors,NM_001004467,OR10J3,,,,,ENSG00000196266,ENSP00000331789
gpcr,A,Olfactory recpetors,NM_001004469,OR10J5,,,,,ENSG00000184155,ENSP00000334441
gpcr,A,Olfactory recpetors,NM_001004471,OR10Q1,,,,,ENSG00000180475,ENSP00000314324
gpcr,A,Olfactory recpetors,NM_001004472,OR10R2,,,,,ENSG00000198965,ENSP00000357134
gpcr,A,Olfactory recpetors,NM_001004473,OR10K1,,,,,ENSG00000173285,ENSP00000289451
gpcr,A,Olfactory recpetors,NM_001004474,OR10S1,,,,,ENSG00000196248,ENSP00000431914
gpcr,A,Olfactory recpetors,NM_001004475,OR10T2,,,,,ENSG00000186306,ENSP00000334115
gpcr,A,Olfactory recpetors,NM_001004476,OR10K2,,,,,ENSG00000180708,ENSP00000324251
gpcr,A,Olfactory recpetors,NM_001004477,OR10X1,,,,,ENSG00000279111,ENSP00000485609
gpcr,A,Olfactory recpetors,NM_001004478,OR10Z1,,,,,ENSG00000198967,ENSP00000354707
gpcr,A,Olfactory recpetors,NM_001004479,OR11H4,,,,,ENSG00000176198,ENSP00000318997
gpcr,A,Olfactory recpetors,NM_001004480,OR11H6,,,,,ENSG00000176219,ENSP00000319071
gpcr,A,Olfactory recpetors,NM_001004481,OR13C2,,,,,ENSG00000276119,ENSP00000438815
gpcr,A,Olfactory recpetors,NM_001004482,OR13C5,,,,,ENSG00000277556,ENSP00000363911
gpcr,A,Olfactory recpetors,NM_001004483,OR13C8,,,,,ENSG00000186943,ENSP00000334068
gpcr,A,Olfactory recpetors,NM_001004484,OR13D1,,,,,ENSG00000179055,ENSP00000317357
gpcr,A,Olfactory recpetors,NM_001004485,OR13F1,,,,,ENSG00000186881,ENSP00000334452
gpcr,A,Olfactory recpetors,NM_001004486,OR13H1,,,,,ENSG00000171054,ENSP00000340748
gpcr,A,Olfactory recpetors,NM_001004487,OR13J1,,,,,ENSG00000168828,ENSP00000367219
gpcr,A,Olfactory recpetors,NM_001004488,OR2A25,,,,,ENSG00000285496,ENSP00000495443
gpcr,A,Olfactory recpetors,NM_001004488,OR2A25,,,,,ENSG00000221933,ENSP00000386167
gpcr,A,Olfactory recpetors,NM_001004489,OR2AG1,,,,,ENSG00000279486,ENSP00000307447
gpcr,A,Olfactory recpetors,NM_001004490,OR2AG2,,,,,ENSG00000188124,ENSP00000342697
gpcr,A,Olfactory recpetors,NM_001004491,OR2AK2,,,,,ENSG00000187080,ENSP00000493202
gpcr,A,Olfactory recpetors,NM_001004492,OR2B11,,,,,ENSG00000177535,ENSP00000325682
gpcr,A,Olfactory recpetors,NM_001004684,OR2D3,,,,,ENSG00000178358,ENSP00000320560
gpcr,A,Olfactory recpetors,NM_001004685,OR2F2,,,,,ENSG00000221910,ENSP00000386222
gpcr,A,Olfactory recpetors,NM_001004685,OR2F2,,,,,ENSG00000284965,ENSP00000495472
gpcr,A,Olfactory recpetors,NM_001004686,OR2L2,,,,,ENSG00000203663,ENSP00000355435
gpcr,A,Olfactory recpetors,NM_001004687,OR2L3,,,,,ENSG00000198128,ENSP00000493424
gpcr,A,Olfactory recpetors,NM_001004688,OR2M2,,,,,ENSG00000198601,ENSP00000352710
gpcr,A,Olfactory recpetors,NM_001004689,OR2M3,,,,,ENSG00000228198,ENSP00000389625
gpcr,A,Olfactory recpetors,NM_001004690,OR2M5,,,,,ENSG00000162727,ENSP00000355432
gpcr,A,Olfactory recpetors,NM_001004691,OR2M7,,,,,ENSG00000177186,ENSP00000324557
gpcr,A,Olfactory recpetors,NM_001004692,OR2T12,,,,,ENSG00000177201,ENSP00000324583
gpcr,A,Olfactory recpetors,NM_001004693,OR2T10,,,,,ENSG00000184022,ENSP00000329210
gpcr,A,Olfactory recpetors,NM_001004694,OR2T29,,,,,ENSG00000182783,ENSP00000331774
gpcr,A,Olfactory recpetors,NM_001004695,OR2T33,,,,,ENSG00000177212,ENSP00000324687
gpcr,A,Olfactory recpetors,NM_001004696,OR2T4,,,,,ENSG00000196944,ENSP00000355431
gpcr,A,Olfactory recpetors,NM_001004696,OR2T4,,,,,ENSG00000275617,ENSP00000484014
gpcr,A,Olfactory recpetors,NM_001004696,OR2T4,,,,,ENSG00000274870,ENSP00000478105
gpcr,A,Olfactory recpetors,NM_001004697,OR2T5,,,,,ENSG00000275102,ENSP00000480714
gpcr,A,Olfactory recpetors,NM_001004697,OR2T5,,,,,ENSG00000203661,ENSP00000493066
gpcr,A,Olfactory recpetors,NM_001004697,OR2T5,,,,,ENSG00000273827,ENSP00000480545
gpcr,A,Olfactory recpetors,NM_001004699,OR2Z1,,,,,ENSG00000181733,ENSP00000316284
gpcr,A,Olfactory recpetors,NM_001004700,OR4C11,,,,,ENSG00000172188,ENSP00000306651
gpcr,A,Olfactory recpetors,NM_001004701,OR4C16,,,,,ENSG00000279514,ENSP00000485295
gpcr,A,Olfactory recpetors,NM_001004702,OR4C3,,,,,ENSG00000176547,ENSP00000321419
gpcr,A,Olfactory recpetors,NM_001004703,OR4C46,,,,,ENSG00000185926,ENSP00000329056
gpcr,A,Olfactory recpetors,NM_001004704,OR4C6,,,,,ENSG00000181903,ENSP00000493334
gpcr,A,Olfactory recpetors,NM_001004705,OR4D10,,,,,ENSG00000254466,ENSP00000436424
gpcr,A,Olfactory recpetors,NM_001004706,OR4D11,,,,,ENSG00000176200,ENSP00000320077
gpcr,A,Olfactory recpetors,NM_001004707,OR4D2,,,,,ENSG00000255713,ENSP00000493137
gpcr,A,Olfactory recpetors,NM_001004708,OR4D6,,,,,ENSG00000166884,ENSP00000300127
gpcr,A,Olfactory recpetors,NM_001004711,OR4D9,,,,,ENSG00000172742,ENSP00000328563
gpcr,A,Olfactory recpetors,NM_001004712,OR4K14,,,,,ENSG00000169484,ENSP00000305011
gpcr,A,Olfactory recpetors,NM_001004713,OR1I1,,,,,ENSG00000094661,ENSP00000209540
gpcr,A,Olfactory recpetors,NM_001004714,OR4K13,,,,,ENSG00000176253,ENSP00000319322
gpcr,A,Olfactory recpetors,NM_001004715,OR4K17,,,,,ENSG00000176230,ENSP00000493449
gpcr,A,Olfactory recpetors,NM_001004717,OR4L1,,,,,ENSG00000176246,ENSP00000319217
gpcr,A,Olfactory recpetors,NM_001004719,OR4M2,,,,,ENSG00000274102,ENSP00000483239
gpcr,A,Olfactory recpetors,NM_001004723,OR4N2,,,,,ENSG00000176294,ENSP00000452022
gpcr,A,Olfactory recpetors,NM_001004724,OR4N5,,,,,ENSG00000184394,ENSP00000332110
gpcr,A,Olfactory recpetors,NM_001004725,OR4S1,,,,,ENSG00000176555,ENSP00000321447
gpcr,A,Olfactory recpetors,NM_001004726,OR4X1,,,,,ENSG00000176567,ENSP00000321506
gpcr,A,Olfactory recpetors,NM_001004727,OR4X2,,,,,ENSG00000172208,ENSP00000485431
gpcr,A,Olfactory recpetors,NM_001004728,OR5A1,,,,,ENSG00000172320,ENSP00000303096
gpcr,A,Olfactory recpetors,NM_001004729,OR5AN1,,,,,ENSG00000176495,ENSP00000320302
gpcr,A,Olfactory recpetors,NM_001004730,OR5AR1,,,,,ENSG00000172459,ENSP00000485240
gpcr,A,Olfactory recpetors,NM_001004731,OR5AU1,,,,,ENSG00000169327,ENSP00000302057
gpcr,A,Olfactory recpetors,NM_001004733,OR5B12,,,,,ENSG00000172362,ENSP00000306657
gpcr,A,Olfactory recpetors,NM_001004734,OR14I1,,,,,ENSG00000189181,ENSP00000339726
gpcr,A,Olfactory recpetors,NM_001004735,OR5D14,,,,,ENSG00000186113,ENSP00000334456
gpcr,A,Olfactory recpetors,NM_001004736,OR5K1,,,,,ENSG00000232382,ENSP00000373193
gpcr,A,Olfactory recpetors,NM_001004737,OR5K2,,,,,ENSG00000231861,ENSP00000393889
gpcr,A,Olfactory recpetors,NM_001004738,OR5L1,,,,,ENSG00000279395,ENSP00000485319
gpcr,A,Olfactory recpetors,NM_001004739,OR5L2,,,,,ENSG00000205030,ENSP00000367650
gpcr,A,Olfactory recpetors,NM_001004740,OR5M1,,,,,ENSG00000255012,ENSP00000435416
gpcr,A,Olfactory recpetors,NM_001004741,OR5M10,,,,,ENSG00000254834,ENSP00000436004
gpcr,A,Olfactory recpetors,NM_001004742,OR5M3,,,,,ENSG00000174937,ENSP00000312208
gpcr,A,Olfactory recpetors,NM_001004743,OR5M9,,,,,ENSG00000150269,ENSP00000279791
gpcr,A,Olfactory recpetors,NM_001004744,OR5R1,,,,,ENSG00000279961,ENSP00000485324
gpcr,A,Olfactory recpetors,NM_001004745,OR5T1,,,,,ENSG00000181698,ENSP00000493084
gpcr,A,Olfactory recpetors,NM_001004745,OR5T1,,,,,ENSG00000262784,ENSP00000459132
gpcr,A,Olfactory recpetors,NM_001004746,OR5T2,,,,,ENSG00000262851,ENSP00000460931
gpcr,A,Olfactory recpetors,NM_001004746,OR5T2,,,,,ENSG00000181718,ENSP00000323688
gpcr,A,Olfactory recpetors,NM_001004747,OR5T3,,,,,ENSG00000172489,ENSP00000305403
gpcr,A,Olfactory recpetors,NM_001004747,OR5T3,,,,,ENSG00000261897,ENSP00000459586
gpcr,A,Olfactory recpetors,NM_001004748,OR51A2,,,,,ENSG00000205496,ENSP00000369729
gpcr,A,Olfactory recpetors,NM_001004749,OR51A7,,,,,ENSG00000176895,ENSP00000352305
gpcr,A,Olfactory recpetors,NM_001004750,OR51B6,,,,,ENSG00000176239,ENSP00000369568
gpcr,A,Olfactory recpetors,NM_001004751,OR51D1,,,,,ENSG00000197428,ENSP00000350222
gpcr,A,Olfactory recpetors,NM_001004752,OR51F1,,,,,ENSG00000280021,ENSP00000369744
gpcr,A,Olfactory recpetors,NM_001004753,OR51F2,,,,,ENSG00000176925,ENSP00000323952
gpcr,A,Olfactory recpetors,NM_001004754,OR51I2,,,,,ENSG00000187918,ENSP00000341987
gpcr,A,Olfactory recpetors,NM_001004755,OR51L1,,,,,ENSG00000176798,ENSP00000322156
gpcr,A,Olfactory recpetors,NM_001004756,OR51M1,,,,,ENSG00000184698,ENSP00000333196
gpcr,A,Olfactory recpetors,NM_001004757,OR51Q1,,,,,ENSG00000167360,ENSP00000300778
gpcr,A,Olfactory recpetors,NM_001004758,OR51S1,,,,,ENSG00000176922,ENSP00000322754
gpcr,A,Olfactory recpetors,NM_001004759,OR51T1,,,,,ENSG00000176900,ENSP00000322679
gpcr,A,Olfactory recpetors,NM_001004760,OR51V1,,,,,ENSG00000176742,ENSP00000321729
gpcr,A,Olfactory recpetors,NM_001005160,OR52A5,,,,,ENSG00000171944,ENSP00000493298
gpcr,A,Olfactory recpetors,NM_001005161,OR52B4,,,,,ENSG00000221996,ENSP00000485530
gpcr,A,Olfactory recpetors,NM_001005162,OR52B6,,,,,ENSG00000187747,ENSP00000341581
gpcr,A,Olfactory recpetors,NM_001005163,OR52D1,,,,,ENSG00000181609,ENSP00000326232
gpcr,A,Olfactory recpetors,NM_001005164,OR52E2,,,,,ENSG00000176787,ENSP00000322088
gpcr,A,Olfactory recpetors,NM_001005165,OR52E4,,,,,ENSG00000180974,ENSP00000321426
gpcr,A,Olfactory recpetors,NM_001005167,OR52E6,,,,,ENSG00000205409,ENSP00000328878
gpcr,A,Olfactory recpetors,NM_001005168,OR52E8,,,,,ENSG00000183269,ENSP00000444054
gpcr,A,Olfactory recpetors,NM_001005169,OR52I1,,,,,ENSG00000232268,ENSP00000436453
gpcr,A,Olfactory recpetors,NM_001005170,OR52I2,,,,,ENSG00000226288,ENSP00000308764
gpcr,A,Olfactory recpetors,NM_001005171,OR52K1,,,,,ENSG00000196778,ENSP00000302422
gpcr,A,Olfactory recpetors,NM_001005172,OR52K2,,,,,ENSG00000181963,ENSP00000318956
gpcr,A,Olfactory recpetors,NM_001005173,OR52L1,,,,,ENSG00000183313,ENSP00000330338
gpcr,A,Olfactory recpetors,NM_001005174,OR52N2,,,,,ENSG00000180988,ENSP00000322801
gpcr,A,Olfactory recpetors,NM_001005175,OR52N4,,,,,ENSG00000181074,ENSP00000323224
gpcr,A,Olfactory recpetors,NM_001005177,OR52R1,,,,,ENSG00000279270,ENSP00000485292
gpcr,A,Olfactory recpetors,NM_001005178,OR52W1,,,,,ENSG00000175485,ENSP00000309673
gpcr,A,Olfactory recpetors,NM_001005179,OR56A4,,,,,ENSG00000183389,ENSP00000328215
gpcr,A,Olfactory recpetors,NM_001005180,OR56B1,,,,,ENSG00000181023,ENSP00000322939
gpcr,A,Olfactory recpetors,NM_001005181,OR56B4,,,,,ENSG00000180919,ENSP00000321196
gpcr,A,Olfactory recpetors,NM_001005182,OR6C1,,,,,ENSG00000205330,ENSP00000368990
gpcr,A,Olfactory recpetors,NM_001005183,OR6C76,,,,,ENSG00000185821,ENSP00000328402
gpcr,A,Olfactory recpetors,NM_001005184,OR6K6,,,,,ENSG00000180433,ENSP00000493180
gpcr,A,Olfactory recpetors,NM_001005185,OR6N1,,,,,ENSG00000197403,ENSP00000335535
gpcr,A,Olfactory recpetors,NM_001005186,OR6Q1,,,,,ENSG00000279051,ENSP00000307734
gpcr,A,Olfactory recpetors,NM_001005187,OR6T1,,,,,ENSG00000181499,ENSP00000325203
gpcr,A,Olfactory recpetors,NM_001005188,OR6X1,,,,,ENSG00000221931,ENSP00000333724
gpcr,A,Olfactory recpetors,NM_001005189,OR6Y1,,,,,ENSG00000197532,ENSP00000304807
gpcr,A,Olfactory recpetors,NM_001005190,OR7A10,,,,,ENSG00000127515,ENSP00000248058
gpcr,A,Olfactory recpetors,NM_001005191,OR7D4,,,,,ENSG00000174667,ENSP00000310488
gpcr,A,Olfactory recpetors,NM_001005192,OR7G1,,,,,ENSG00000161807,ENSP00000444134
gpcr,A,Olfactory recpetors,NM_001005193,OR7G2,,,,,ENSG00000170923,ENSP00000303822
gpcr,A,Olfactory recpetors,NM_001005194,OR8A1,,,,,ENSG00000196119,ENSP00000284287
gpcr,A,Olfactory recpetors,NM_001005195,OR8B12,,,,,ENSG00000170953,ENSP00000307159
gpcr,A,Olfactory recpetors,NM_001005196,OR8B4,,,,,ENSG00000280090,ENSP00000348449
gpcr,A,Olfactory recpetors,NM_001005197,OR8D4,,,,,ENSG00000181518,ENSP00000325381
gpcr,A,Olfactory recpetors,NM_001005198,OR8G5,,,,,ENSG00000255298,ENSP00000477014
gpcr,A,Olfactory recpetors,NM_001005199,OR8H1,,,,,ENSG00000181693,ENSP00000323595
gpcr,A,Olfactory recpetors,NM_001005199,OR8H1,,,,,ENSG00000262611,ENSP00000486842
gpcr,A,Olfactory recpetors,NM_001005200,OR8H2,,,,,ENSG00000181767,ENSP00000323982
gpcr,A,Olfactory recpetors,NM_001005201,OR8H3,,,,,ENSG00000181761,ENSP00000323928
gpcr,A,Olfactory recpetors,NM_001005202,OR8K3,,,,,ENSG00000280314,ENSP00000485634
gpcr,A,Olfactory recpetors,NM_001005202,OR8K3,,,,,ENSG00000262755,ENSP00000460880
gpcr,A,Olfactory recpetors,NM_001005203,OR8S1,,,,,ENSG00000284723,ENSP00000310632
gpcr,A,Olfactory recpetors,NM_001005204,OR8U1,,,,,ENSG00000172199,ENSP00000304188
gpcr,A,Olfactory recpetors,NM_001005205,OR8J1,,,,,ENSG00000172487,ENSP00000304060
gpcr,A,Olfactory recpetors,NM_001005205,OR8J1,,,,,ENSG00000262796,ENSP00000460206
gpcr,A,Olfactory recpetors,NM_001005211,OR9I1,,,,,ENSG00000172377,ENSP00000302606
gpcr,A,Olfactory recpetors,NM_001005212,OR9Q1,,,,,ENSG00000186509,ENSP00000334934
gpcr,A,Olfactory recpetors,NM_001005213,OR9G1,,,,,ENSG00000261958,ENSP00000461395
gpcr,A,Olfactory recpetors,NM_001005213,OR9G1,,,,,ENSG00000174914,ENSP00000309012
gpcr,A,Olfactory recpetors,NM_001005216,OR2J3,,,,,ENSG00000233618,ENSP00000400546
gpcr,A,Olfactory recpetors,NM_001005216,OR2J3,,,,,ENSG00000206522,ENSP00000373147
gpcr,A,Olfactory recpetors,NM_001005216,OR2J3,,,,,ENSG00000232178,ENSP00000390144
gpcr,A,Olfactory recpetors,NM_001005216,OR2J3,,,,,ENSG00000229866,ENSP00000408783
gpcr,A,Olfactory recpetors,NM_001005216,OR2J3,,,,,ENSG00000226271,ENSP00000388392
gpcr,A,Olfactory recpetors,NM_001005216,OR2J3,,,,,ENSG00000230855,ENSP00000393371
gpcr,A,Olfactory recpetors,NM_001005216,OR2J3,,,,,ENSG00000233636,ENSP00000388205
gpcr,A,Olfactory recpetors,NM_001005216,OR2J3,,,,,ENSG00000204701,ENSP00000366374
gpcr,A,Olfactory recpetors,NM_001005218,OR5B21,,,,,ENSG00000198283,ENSP00000353537
gpcr,A,Olfactory recpetors,NM_001005226,OR2B3,,,,,ENSG00000226832,ENSP00000394571
gpcr,A,Olfactory recpetors,NM_001005226,OR2B3,,,,,ENSG00000225736,ENSP00000403571
gpcr,A,Olfactory recpetors,NM_001005226,OR2B3,,,,,ENSG00000233180,ENSP00000393235
gpcr,A,Olfactory recpetors,NM_001005226,OR2B3,,,,,ENSG00000206524,ENSP00000373149
gpcr,A,Olfactory recpetors,NM_001005226,OR2B3,,,,,ENSG00000204703,ENSP00000366378
gpcr,A,Olfactory recpetors,NM_001005226,OR2B3,,,,,ENSG00000233054,ENSP00000388604
gpcr,A,Olfactory recpetors,NM_001005226,OR2B3,,,,,ENSG00000233687,ENSP00000399881
gpcr,A,Olfactory recpetors,NM_001005226,OR2B3,,,,,ENSG00000231319,ENSP00000394593
gpcr,A,Olfactory recpetors,NM_001005234,OR1L3,,,,,ENSG00000171481,ENSP00000302863
gpcr,A,Olfactory recpetors,NM_001005235,OR1L4,,,,,ENSG00000136939,ENSP00000259466
gpcr,A,Olfactory recpetors,NM_001005236,OR1L1,,,,,ENSG00000173679,ENSP00000310773
gpcr,A,Olfactory recpetors,NM_001005237,OR51G1,,,,,ENSG00000278870,ENSP00000485612
gpcr,A,Olfactory recpetors,NM_001005238,OR51G2,,,,,ENSG00000176893,ENSP00000322593
gpcr,A,Olfactory recpetors,NM_001005239,OR11H1,,,,,ENSG00000130538,ENSP00000252835
gpcr,A,Olfactory recpetors,NM_001005240,OR4F17,,,,,ENSG00000176695,ENSP00000467301
gpcr,A,Olfactory recpetors,NM_001005241,OR4N4,,,,,ENSG00000183706,ENSP00000332500
gpcr,A,Olfactory recpetors,NM_001005243,OR9K2,,,,,ENSG00000170605,ENSP00000493328
gpcr,A,Olfactory recpetors,NM_001005245,OR5M11,,,,,ENSG00000255223,ENSP00000432417
gpcr,A,Olfactory recpetors,NM_001005270,OR4C12,,,,,ENSG00000221954,ENSP00000334418
gpcr,A,Olfactory recpetors,NM_001005270,OR4C12,,,,,ENSG00000284255,ENSP00000491819
gpcr,A,Olfactory recpetors,NM_001005272,OR4A5,,,,,ENSG00000221840,ENSP00000367664
gpcr,A,Olfactory recpetors,NM_001005274,OR4A16,,,,,ENSG00000181961,ENSP00000325128
gpcr,A,Olfactory recpetors,NM_001005275,OR4A15,,,,,ENSG00000181958,ENSP00000325065
gpcr,A,Olfactory recpetors,NM_001005276,OR2AE1,,,,,ENSG00000244623,ENSP00000313936
gpcr,A,Olfactory recpetors,NM_001005278,OR6N2,,,,,ENSG00000188340,ENSP00000344101
gpcr,A,Olfactory recpetors,NM_001005279,OR6K2,,,,,ENSG00000196171,ENSP00000352626
gpcr,A,Olfactory recpetors,NM_001005280,OR10A7,,,,,ENSG00000179919,ENSP00000326718
gpcr,A,Olfactory recpetors,NM_001005281,OR6B1,,,,,ENSG00000284939,ENSP00000496557
gpcr,A,Olfactory recpetors,NM_001005281,OR6B1,,,,,ENSG00000221813,ENSP00000386151
gpcr,A,Olfactory recpetors,NM_001005282,OR5M8,,,,,ENSG00000181371,ENSP00000323354
gpcr,A,Olfactory recpetors,NM_001005283,OR9Q2,,,,,ENSG00000186513,ENSP00000308714
gpcr,A,Olfactory recpetors,NM_001005284,OR9G4,,,,,ENSG00000262647,ENSP00000459325
gpcr,A,Olfactory recpetors,NM_001005284,OR9G4,,,,,ENSG00000172457,ENSP00000307515
gpcr,A,Olfactory recpetors,NM_001005285,OR2AT4,,,,,ENSG00000171561,ENSP00000493318
gpcr,A,Olfactory recpetors,NM_001005286,OR6F1,,,,,ENSG00000169214,ENSP00000305640
gpcr,A,Olfactory recpetors,NM_001005287,OR2A1,,,,,ENSG00000221970,ENSP00000386175
gpcr,A,Olfactory recpetors,NM_001005287,OR2A1,,,,,ENSG00000285105,ENSP00000493812
gpcr,A,Olfactory recpetors,NM_001005288,OR51I1,,,,,ENSG00000167359,ENSP00000369559
gpcr,A,Olfactory recpetors,NM_001005289,OR52H1,,,,,ENSG00000181616,ENSP00000493308
gpcr,A,Olfactory recpetors,NM_001005323,OR5AK2,,,,,ENSG00000181273,ENSP00000322784
gpcr,A,Olfactory recpetors,NM_001005324,OR10V1,,,,,ENSG00000172289,ENSP00000302199
gpcr,A,Olfactory recpetors,NM_001005325,OR6M1,,,,,ENSG00000196099,ENSP00000311038
gpcr,A,Olfactory recpetors,NM_001005326,OR4F6,,,,,ENSG00000184140,ENSP00000327525
gpcr,A,Olfactory recpetors,NM_001005327,OR6K3,,,,,ENSG00000203757,ENSP00000357127
gpcr,A,Olfactory recpetors,NM_001005328,OR2A7,,,,,ENSG00000284749,ENSP00000493694
gpcr,A,Olfactory recpetors,NM_001005328,OR2A7,,,,,ENSG00000243896,ENSP00000420502
gpcr,A,Olfactory recpetors,NM_001005329,OR51A4,,,,,ENSG00000205497,ENSP00000369731
gpcr,A,Olfactory recpetors,NM_001005338,OR5H1,,,,,ENSG00000231192,ENSP00000346575
gpcr,A,Olfactory recpetors,NM_001005465,OR10G3,,,,,ENSG00000169208,ENSP00000302437
gpcr,A,Olfactory recpetors,NM_001005466,OR10G2,,,,,ENSG00000255582,ENSP00000445383
gpcr,A,Olfactory recpetors,NM_001005467,OR8B3,,,,,ENSG00000284609,ENSP00000346611
gpcr,A,Olfactory recpetors,NM_001005468,OR8B2,,,,,ENSG00000284680,ENSP00000364152
gpcr,A,Olfactory recpetors,NM_001005469,OR5B3,,,,,ENSG00000172769,ENSP00000308270
gpcr,A,Olfactory recpetors,NM_001005470,OR4B1,,,,,ENSG00000175619,ENSP00000311605
gpcr,A,Olfactory recpetors,NM_001005471,OR2T6,,,,,ENSG00000278689,ENSP00000481800
gpcr,A,Olfactory recpetors,NM_001005471,OR2T6,,,,,ENSG00000278659,ENSP00000478358
gpcr,A,Olfactory recpetors,NM_001005471,OR2T6,,,,,ENSG00000198104,ENSP00000347965
gpcr,A,Olfactory recpetors,NM_001005479,OR5H6,,,,,ENSG00000230301,ENSP00000480705
gpcr,A,Olfactory recpetors,NM_001005480,OR2A2,,,,,ENSG00000285071,ENSP00000500547
gpcr,A,Olfactory recpetors,NM_001005480,OR2A2,,,,,ENSG00000221989,ENSP00000386209
gpcr,A,Olfactory recpetors,NM_001005482,OR5H2,,,,,ENSG00000197938,ENSP00000347418
gpcr,A,Olfactory recpetors,NM_001005483,OR4K5,,,,,ENSG00000176281,ENSP00000319511
gpcr,A,Olfactory recpetors,NM_001005484,OR4F5,,,,,ENSG00000186092,ENSP00000334393
gpcr,A,Olfactory recpetors,NM_001005486,OR4K15,,,,,ENSG00000169488,ENSP00000493198
gpcr,A,Olfactory recpetors,NM_001005487,OR13G1,,,,,ENSG00000197437,ENSP00000352717
gpcr,A,Olfactory recpetors,NM_001005489,OR5B17,,,,,ENSG00000197786,ENSP00000349945
gpcr,A,Olfactory recpetors,NM_001005490,OR6C74,,,,,ENSG00000197706,ENSP00000342836
gpcr,A,Olfactory recpetors,NM_001005491,OR10AG1,,,,,ENSG00000174970,ENSP00000311477
gpcr,A,Olfactory recpetors,NM_001005492,OR5J2,,,,,ENSG00000174957,ENSP00000310788
gpcr,A,Olfactory recpetors,NM_001005493,OR6C6,,,,,ENSG00000188324,ENSP00000351211
gpcr,A,Olfactory recpetors,NM_001005494,OR6C4,,,,,ENSG00000179626,ENSP00000377799
gpcr,A,Olfactory recpetors,NM_001005495,OR2T3,,,,,ENSG00000277113,ENSP00000478611
gpcr,A,Olfactory recpetors,NM_001005495,OR2T3,,,,,ENSG00000278377,ENSP00000480124
gpcr,A,Olfactory recpetors,NM_001005495,OR2T3,,,,,ENSG00000196539,ENSP00000352604
gpcr,A,Olfactory recpetors,NM_001005496,OR5D16,,,,,ENSG00000205029,ENSP00000367649
gpcr,A,Olfactory recpetors,NM_001005497,OR6C75,,,,,ENSG00000187857,ENSP00000368987
gpcr,A,Olfactory recpetors,NM_001005499,OR6C70,,,,,ENSG00000184954,ENSP00000329153
gpcr,A,Olfactory recpetors,NM_001005500,OR4M1,,,,,ENSG00000176299,ENSP00000319654
gpcr,A,Olfactory recpetors,NM_001005501,OR4K2,,,,,ENSG00000165762,ENSP00000298642
gpcr,A,Olfactory recpetors,NM_001005503,OR11G2,,,,,ENSG00000196832,ENSP00000349930
gpcr,A,Olfactory recpetors,NM_001005504,OR4F21,,,,,ENSG00000176269,ENSP00000318878
gpcr,A,Olfactory recpetors,NM_001005512,OR4A47,,,,,ENSG00000237388,ENSP00000412752
gpcr,A,Olfactory recpetors,NM_001005514,OR5H14,,,,,ENSG00000236032,ENSP00000401706
gpcr,A,Olfactory recpetors,NM_001005515,OR5H15,,,,,ENSG00000233412,ENSP00000493082
gpcr,A,Olfactory recpetors,NM_001005516,OR5K3,,,,,ENSG00000206536,ENSP00000373194
gpcr,A,Olfactory recpetors,NM_001005517,OR5K4,,,,,ENSG00000196098,ENSP00000347003
gpcr,A,Olfactory recpetors,NM_001005518,OR6C65,,,,,ENSG00000205328,ENSP00000368986
gpcr,A,Olfactory recpetors,NM_001005519,OR6C68,,,,,ENSG00000205327,ENSP00000448811
gpcr,A,Olfactory recpetors,NM_001005522,OR2T8,,,,,ENSG00000177462,ENSP00000326225
gpcr,A,Olfactory recpetors,NM_001005566,OR5B2,,,,,ENSG00000172365,ENSP00000303076
gpcr,A,Olfactory recpetors,NM_001005567,OR51B5,,,,,ENSG00000167355,ENSP00000300773
gpcr,A,Olfactory recpetors,NM_001005853,OR6B2,,,,,ENSG00000182083,ENSP00000384563
gpcr,B2,Adhesion Class GPCRs,NM_001008701,ADGRL1,NP_055736|NP_001008701,adhesion G protein-coupled receptor L1,19p13.2,O94910,ENSG00000072071,ENSP00000340688
gpcr,A,Olfactory recpetors,NM_001013354,OR11H12,,,,,ENSG00000257115,ENSP00000449002
gpcr,A,Olfactory recpetors,NM_001013355,OR2G6,,,,,ENSG00000188558,ENSP00000341291
gpcr,B2,Adhesion Class GPCRs,NM_001025160,ADGRE5,NP_510966|NP_001020331|NP_001775,adhesion G protein-coupled receptor E5,19p13,P48960,ENSG00000123146,ENSP00000349918
gpcr,B2,Adhesion Class GPCRs,NM_001032394,ADGRG6,NP_065188|NP_940971|NP_001027566|NP_001027567,adhesion G protein-coupled receptor G6,6q24.1,Q86SQ4,ENSG00000112414,ENSP00000296932
gpcr,A,Class A Orphans,NM_001033080,TAAR2,NP_001028252,trace amine associated receptor 2 (gene/pseudogene),6q23.2,Q9P1P5,ENSG00000146378,ENSP00000356908
gpcr,A,Class A Orphans,NM_001038705,GPR149,NP_001033794,G protein-coupled receptor 149,3q25.2,Q86SP6,ENSG00000174948,ENSP00000374390
gpcr,A,Class A Orphans,NM_001039165,MRGPRE,NP_001034254,MAS related GPR family member E,11p15.5,Q86SM8,ENSG00000184350,ENSP00000374482
gpcr,A,Melanin-concentrating hormone receptors,NM_001040179,MCHR2,NP_001035269|NP_115892,melanin concentrating hormone receptor 2,6q16.3,Q969V1,ENSG00000152034,ENSP00000281806
gpcr,A,Somatostatin receptors,NM_001049,SSTR1,NP_001040,somatostatin receptor 1,14q13,P30872,ENSG00000139874,ENSP00000267377
gpcr,A,Somatostatin receptors,NM_001050,SSTR2,NP_001041,somatostatin receptor 2,17q24,P30874,ENSG00000180616,ENSP00000350198
gpcr,A,Somatostatin receptors,NM_001051,SSTR3,NP_001042,somatostatin receptor 3,22q13.1,P32745,ENSG00000278195,ENSP00000480971
gpcr,A,Somatostatin receptors,NM_001052,SSTR4,NP_001043,somatostatin receptor 4,20p11.2,P31391,ENSG00000132671,ENSP00000255008
gpcr,A,Somatostatin receptors,NM_001053,SSTR5,NP_001044,somatostatin receptor 5,16p13.3,P35346,ENSG00000162009,ENSP00000293897
gpcr,A,Tachykinin receptors,NM_001057,TACR2,NP_001048,tachykinin receptor 2,10q11-q21,P21452,ENSG00000075073,ENSP00000362403
gpcr,A,Tachykinin receptors,NM_001058,TACR1,NP_001049,tachykinin receptor 1,2p12,P25103,ENSG00000115353,ENSP00000303522
gpcr,A,Tachykinin receptors,NM_001059,TACR3,NP_001050,tachykinin receptor 3,4q25,P29371,ENSG00000169836,ENSP00000303325
gpcr,A,Prostanoid receptors,NM_001060,TBXA2R,NP_001051,thromboxane A2 receptor,19p13.3,P21731,ENSG00000006638,ENSP00000364336
gpcr,B2,Adhesion Class GPCRs,NM_001079858,ADGRG2,NP_001073328|NP_001073327|NP_001073329|NP_005747|NP_001171762|NP_001171763|NP_001171764|NP_001171765,adhesion G protein-coupled receptor G2,Xp22.13,Q8IZP9,ENSG00000173698,ENSP00000369198
gpcr,A,Olfactory recpetors,NM_001079935,OR7E24,,,,,ENSG00000237521,ENSP00000387523
gpcr,B2,Adhesion Class GPCRs,NM_001083909,ADGRA1,NP_001077378,adhesion G protein-coupled receptor A1,10q26,Q86SQ6,ENSG00000197177,ENSP00000376384
gpcr,B1,VIP and PACAP receptors,NM_001118,ADCYAP1R1,NP_001109,ADCYAP receptor type I,7p14,P41586,ENSG00000078549,ENSP00000306620
gpcr,A,Chemokine receptors,NM_001123396,CCR2,NP_001116513|NP_001116868,C-C motif chemokine receptor 2,3p21,P41597,ENSG00000121807,ENSP00000399285
gpcr,A,Prostanoid receptors,NM_001126044,PTGER3,NP_001119516,prostaglandin E receptor 3,1p31.2,P43115,ENSG00000050628,ENSP00000359969
gpcr,A,Histamine receptors,NM_001131055,HRH2,NP_071640,histamine receptor H2,5q35.2,P25021,ENSG00000113749,ENSP00000366506
gpcr,A,Neuropeptide FF/neuropeptide AF receptors,NM_001144756,NPFFR2,NP_444264|NP_001138228|NP_004876,neuropeptide FF receptor 2,4q21,Q9Y5X5,ENSG00000056291,ENSP00000379321
gpcr,A,Olfactory recpetors,NM_001146033,OR56A5,,,,,ENSG00000188691,ENSP00000481594
gpcr,A,Olfactory recpetors,NM_001160325,OR6P1,,,,,ENSG00000186440,ENSP00000334721
gpcr,A,Class A Orphans,NM_001164377,MRGPRG,NP_001157849,MAS related GPR family member G,11p15.4,Q86SM5,ENSG00000182170,ENSP00000330612
gpcr,A,Class A Orphans,NM_001197184,GPR33,NP_001184113,G protein-coupled receptor 33 (gene/pseudogene),14q12,Q49SQ1,ENSG00000214943,ENSP00000421557
gpcr,A,Olfactory recpetors,NM_001197287,OR11H2,,,,,ENSG00000258453,ENSP00000492923
gpcr,B2,Adhesion Class GPCRs,NM_001256252,ADGRE1,NP_001965|NP_001243181|NP_001243182|NP_001243183|NP_001243184,adhesion G protein-coupled receptor E1,19p13.3,Q14246,ENSG00000174837,ENSP00000370811
gpcr,A,Olfactory recpetors,NM_001258283,OR2V1,,,,,ENSG00000185372,ENSP00000404102
gpcr,A,Olfactory recpetors,NM_001258284,OR2L5,,,,,ENSG00000197454,ENSP00000347428
gpcr,A,Olfactory recpetors,NM_001258285,OR2AP1,,,,,ENSG00000179615,ENSP00000323423
gpcr,A,P2Y receptors,NM_001277204,P2RY6,NP_001264133,pyrimidinergic receptor P2Y6,11q13.5,Q15077,ENSG00000171631,ENSP00000442551
gpcr,C,Metabotropic glutamate receptors,NM_001278064,GRM1,NP_001264995|NP_001264996|NP_001264993|NP_001264994,glutamate metabotropic receptor 1,6q24,Q13255,ENSG00000152822,ENSP00000282753
gpcr,B2,Adhesion Class GPCRs,NM_001294335,ADGRB2,NP_001281264,adhesion G protein-coupled receptor B2,1p35,O60241,ENSG00000121753,ENSP00000362759
gpcr,A,Chemokine receptors,NM_001295,CCR1,NP_001286,C-C motif chemokine receptor 1,3p21,P32246,ENSG00000163823,ENSP00000296140
gpcr,A,Chemokine receptors,NM_001296,ACKR2,NP_001287,atypical chemokine receptor 2,3p21.3,O00590,ENSG00000144648,ENSP00000416996
gpcr,A,Olfactory recpetors,NM_001304535,OR2L13,,,,,ENSG00000196071,ENSP00000492949
gpcr,A,Olfactory recpetors,NM_001318014,OR2H1,,,,,ENSG00000235132,ENSP00000408584
gpcr,A,Olfactory recpetors,NM_001318014,OR2H1,,,,,ENSG00000204688,ENSP00000366340
gpcr,A,Olfactory recpetors,NM_001318014,OR2H1,,,,,ENSG00000224395,ENSP00000397171
gpcr,A,Olfactory recpetors,NM_001318014,OR2H1,,,,,ENSG00000232984,ENSP00000398695
gpcr,A,Olfactory recpetors,NM_001318014,OR2H1,,,,,ENSG00000229408,ENSP00000409651
gpcr,A,Olfactory recpetors,NM_001318014,OR2H1,,,,,ENSG00000229125,ENSP00000392619
gpcr,A,Olfactory recpetors,NM_001318014,OR2H1,,,,,ENSG00000206516,ENSP00000383549
gpcr,A,Olfactory recpetors,NM_001318014,OR2H1,,,,,ENSG00000206471,ENSP00000383530
gpcr,A,Chemokine receptors,NM_001337,CX3CR1,NP_001328,C-X3-C motif chemokine receptor 1,3p21; 3p21.3,P49238,ENSG00000168329,ENSP00000382166
gpcr,A,Free fatty acid receptors,NM_001348195,GPR42,NP_005295,G protein-coupled receptor 42 (gene/pseudogene),19q13.1,O15529,ENSG00000126251,ENSP00000410925
gpcr,A,Lysophospholipid (S1P) receptors,NM_001400,S1PR1,NP_001391,sphingosine-1-phosphate receptor 1,1p21,P21453,ENSG00000170989,ENSP00000305416
gpcr,A,Lysophospholipid (LPA) receptors,NM_001401,LPAR1,NP_001392,lysophosphatidic acid receptor 1,9q31.3,Q92633,ENSG00000198121,ENSP00000351755
gpcr,B2,Adhesion Class GPCRs,NM_001407,CELSR3,NP_001398,cadherin EGF LAG seven-pass G-type receptor 3,3p21.31B,Q9NYQ7,ENSG00000008300,ENSP00000164024
gpcr,B2,Adhesion Class GPCRs,NM_001408,CELSR2,NP_001399,cadherin EGF LAG seven-pass G-type receptor 2,1p13.3,Q9HCU4,ENSG00000143126,ENSP00000271332
gpcr,A,Leukotriene receptors,NM_001462,FPR2,NP_001453,formyl peptide receptor 2,19q13.3-q13.4,P25090,ENSG00000171049,ENSP00000468897
gpcr,A,Formylpeptide receptors,NM_001462,FPR2,NP_001453,formyl peptide receptor 2,19q13.3-q13.4,P25090,ENSG00000171049,ENSP00000468897
gpcr,F,Class Frizzled GPCRs,NM_001466,FZD2,NP_001457,frizzled class receptor 2,17q21.1,Q14332,ENSG00000180340,ENSP00000323901
gpcr,C,GABA<sub>B</sub> receptors,NM_001470,GABBR1,NP_001461,gamma-aminobutyric acid type B receptor subunit 1,6p21.3,Q9UBS5,ENSG00000232569,ENSP00000406066
gpcr,C,GABA<sub>B</sub> receptors,NM_001470,GABBR1,NP_001461,gamma-aminobutyric acid type B receptor subunit 1,6p21.3,Q9UBS5,ENSG00000206511,ENSP00000373134
gpcr,C,GABA<sub>B</sub> receptors,NM_001470,GABBR1,NP_001461,gamma-aminobutyric acid type B receptor subunit 1,6p21.3,Q9UBS5,ENSG00000204681,ENSP00000366233
gpcr,C,GABA<sub>B</sub> receptors,NM_001470,GABBR1,NP_001461,gamma-aminobutyric acid type B receptor subunit 1,6p21.3,Q9UBS5,ENSG00000206466,ENSP00000373034
gpcr,C,GABA<sub>B</sub> receptors,NM_001470,GABBR1,NP_001461,gamma-aminobutyric acid type B receptor subunit 1,6p21.3,Q9UBS5,ENSG00000237051,ENSP00000416731
gpcr,C,GABA<sub>B</sub> receptors,NM_001470,GABBR1,NP_001461,gamma-aminobutyric acid type B receptor subunit 1,6p21.3,Q9UBS5,ENSG00000237112,ENSP00000411286
gpcr,C,GABA<sub>B</sub> receptors,NM_001470,GABBR1,NP_001461,gamma-aminobutyric acid type B receptor subunit 1,6p21.3,Q9UBS5,ENSG00000232632,ENSP00000388035
gpcr,A,Galanin receptors,NM_001480,GALR1,NP_001471,galanin receptor 1,18q23,P47211,ENSG00000166573,ENSP00000299727
gpcr,A,Chemokine receptors,NM_001504,CXCR3,NP_001495,C-X-C motif chemokine receptor 3,Xq13,P49682,ENSG00000186810,ENSP00000362797
gpcr,A,G protein-coupled estrogen receptor,NM_001505,GPER1,NP_001496,G protein-coupled estrogen receptor 1,7p22.3,Q99527,ENSG00000164850,ENSP00000297469
gpcr,A,Class A Orphans,NM_001506,GPR32,NP_001497,G protein-coupled receptor 32,19q13.3,O75388,ENSG00000142511,ENSP00000270590
gpcr,A,Motilin receptor,NM_001507,MLNR,NP_001498,motilin receptor,13q14-q21,O43193,ENSG00000102539,ENSP00000218721
gpcr,A,Class A Orphans,NM_001508,GPR39,NP_001499,G protein-coupled receptor 39,2q21-q22,O43194,ENSG00000183840,ENSP00000327417
gpcr,A,Orexin receptors,NM_001525,HCRTR1,NP_001516,hypocretin receptor 1,1p35.2,O43613,ENSG00000121764,ENSP00000384387
gpcr,A,Orexin receptors,NM_001526,HCRTR2,NP_001517,hypocretin receptor 2,6p12.1,O43614,ENSG00000137252,ENSP00000477548
gpcr,A,Chemokine receptors,NM_001557,CXCR2,NP_001548,C-X-C motif chemokine receptor 2,2q35,P25025,ENSG00000180871,ENSP00000319635
gpcr,B2,Adhesion Class GPCRs,NM_001702,ADGRB1,NP_001693,adhesion G protein-coupled receptor B1,8q24,O14514,ENSG00000181790,ENSP00000430945
gpcr,B2,Adhesion Class GPCRs,NM_001704,ADGRB3,NP_001695,adhesion G protein-coupled receptor B3,6q12,O60242,ENSG00000135298,ENSP00000359630
gpcr,A,Opsin receptors,NM_001708,OPN1SW,NP_001699,"opsin 1, short wave sensitive",7q32.1,P03999,ENSG00000128617,ENSP00000249389
gpcr,A,Chemokine receptors,NM_001716,CXCR5,NP_001707|NP_116743,C-X-C motif chemokine receptor 5,11q23.3,P32302,ENSG00000160683,ENSP00000292174
gpcr,A,Bombesin receptors,NM_001727,BRS3,NP_001718,bombesin receptor subtype 3,Xq26-q28,P32247,ENSG00000102239,ENSP00000359682
gpcr,A,Class A Orphans,NM_001727,BRS3,NP_001718,bombesin receptor subtype 3,Xq26-q28,P32247,ENSG00000102239,ENSP00000359682
gpcr,A,Complement peptide receptors,NM_001736,C5AR1,NP_001727,complement C5a receptor 1,19q13.3-q13.4,P21730,ENSG00000197405,ENSP00000347197
gpcr,B1,Calcitonin receptors,NM_001742,CALCR,NP_001733|NP_001158209,calcitonin receptor,7q21.3,P30988,ENSG00000004948,ENSP00000389295
gpcr,A,Chemokine receptors,NM_001837,CCR3,NP_001828,C-C motif chemokine receptor 3,3p21.3,P51677,ENSG00000183625,ENSP00000379271
gpcr,A,Chemokine receptors,NM_001838,CCR7,NP_001829,C-C motif chemokine receptor 7,17q12-q21.2,P32248,ENSG00000126353,ENSP00000246657
gpcr,A,Cannabinoid receptors,NM_001841,CNR2,NP_001832,cannabinoid receptor 2,1p35-p36,P34972,ENSG00000188822,ENSP00000363596
gpcr,B1,Corticotropin-releasing factor receptors,NM_001883,CRHR2,NP_001874,corticotropin releasing hormone receptor 2,7p21-p15,Q13324,ENSG00000106113,ENSP00000418722
gpcr,A,Endothelin receptors,NM_001957,EDNRA,NP_001948,endothelin receptor type A,4q31.22,P25101,ENSG00000151617,ENSP00000498969
gpcr,A,Proteinase-activated receptors,NM_001992,F2R,NP_001983,coagulation factor II thrombin receptor,5q13,P25116,ENSG00000181104,ENSP00000321326
gpcr,A,Formylpeptide receptors,NM_002029,FPR1,NP_002020,formyl peptide receptor 1,19q13.4,P21462,ENSG00000171051,ENSP00000302707
gpcr,A,Formylpeptide receptors,NM_002030,FPR3,NP_002021,formyl peptide receptor 3,19q13.3-q13.4,P25089,ENSG00000187474,ENSP00000341821
gpcr,A,Chemokine receptors,NM_002036,ACKR1,NP_002027,atypical chemokine receptor 1 (Duffy blood group),1q21-q22,Q16570,ENSG00000213088,ENSP00000357104
gpcr,B1,Glucagon receptor family,NM_002062,GLP1R,NP_002053,glucagon like peptide 1 receptor,6p21,P43220,ENSG00000112164,ENSP00000362353
gpcr,A,Class A Orphans,NM_002377,MAS1,NP_002368,"MAS1 proto-oncogene, G protein-coupled receptor",6q25.3-q26,P04201,ENSG00000130368,ENSP00000501180
gpcr,A,Melanocortin receptors,NM_002386,MC1R,NP_002377,melanocortin 1 receptor,16q24.3,Q01726,ENSG00000258839,ENSP00000451605
gpcr,A,Bombesin receptors,NM_002511,NMBR,NP_002502,neuromedin B receptor,6q21-qter,P28336,ENSG00000135577,ENSP00000258042
gpcr,A,Neurotensin receptors,NM_002531,NTSR1,NP_002522,neurotensin receptor 1,20q13-20q13,P30989,ENSG00000101188,ENSP00000359532
gpcr,A,Olfactory recpetors,NM_002548,OR1D2,,,,,ENSG00000184166,ENSP00000327585
gpcr,A,Olfactory recpetors,NM_002550,OR3A1,,,,,ENSG00000180090,ENSP00000313803
gpcr,A,Olfactory recpetors,NM_002551,OR3A2,,,,,ENSG00000221882,ENSP00000386180
gpcr,A,P2Y receptors,NM_002563,P2RY1,NP_002554,purinergic receptor P2Y1,3q25.2,P47900,ENSG00000169860,ENSP00000304767
gpcr,A,P2Y receptors,NM_002564,P2RY2,NP_002555,purinergic receptor P2Y2,11q13.5-q14.1,P41231,ENSG00000175591,ENSP00000377222
gpcr,A,P2Y receptors,NM_002565,P2RY4,NP_002556,pyrimidinergic receptor P2Y4,Xq13-q21,P51582,ENSG00000186912,ENSP00000363643
gpcr,A,P2Y receptors,NM_002566,P2RY11,NP_002557,purinergic receptor P2Y11,19p13.2,Q96G91,ENSG00000244165,ENSP00000323872
gpcr,B1,Glucagon receptor family,NM_002980,SCTR,NP_002971,secretin receptor,2q14.1,P47872,ENSG00000080293,ENSP00000019103
gpcr,A,Thyrotropin-releasing hormone receptors,NM_003301,TRHR,NP_003292,thyrotropin releasing hormone receptor,8q23.1,P34981,ENSG00000174417,ENSP00000430711
gpcr,B1,VIP and PACAP receptors,NM_003382,VIPR2,NP_003373,vasoactive intestinal peptide receptor 2,7q36.3,P41587,ENSG00000106018,ENSP00000262178
gpcr,A,Chemokine receptors,NM_003467,CXCR4,NP_003458,C-X-C motif chemokine receptor 4,2q21,P61073,ENSG00000121966,ENSP00000241393
gpcr,F,Class Frizzled GPCRs,NM_003468,FZD5,NP_003459,frizzled class receptor 5,2q33-q34,Q13467,ENSG00000163251,ENSP00000354607
gpcr,A,Class A Orphans,NM_003485,GPR68,NP_003476,G protein-coupled receptor 68,14q31,Q15743,ENSG00000119714,ENSP00000434045
gpcr,F,Class Frizzled GPCRs,NM_003505,FZD1,NP_003496,frizzled class receptor 1,7q21,Q9UP38,ENSG00000157240,ENSP00000287934
gpcr,F,Class Frizzled GPCRs,NM_003506,FZD6,NP_003497,frizzled class receptor 6,8q22.3-q23.1,O60353,ENSG00000164930,ENSP00000351605
gpcr,F,Class Frizzled GPCRs,NM_003507,FZD7,NP_003498,frizzled class receptor 7,2q33,O75084,ENSG00000155760,ENSP00000286201
gpcr,F,Class Frizzled GPCRs,NM_003508,FZD9,NP_003499,frizzled class receptor 9,7q11.23,O00144,ENSG00000188763,ENSP00000345785
gpcr,A,Olfactory recpetors,NM_003553,OR1E1,,,,,ENSG00000180016,ENSP00000313384
gpcr,A,Olfactory recpetors,NM_003554,OR1E2,,,,,ENSG00000127780,ENSP00000248384
gpcr,A,Olfactory recpetors,NM_003555,OR1G1,,,,,ENSG00000183024,ENSP00000331545
gpcr,A,Class A Orphans,NM_003608,GPR65,NP_003599,G protein-coupled receptor 65,14q31-q32.1,Q8IYL9,ENSG00000140030,ENSP00000267549
gpcr,A,Galanin receptors,NM_003614,GALR3,NP_003605,galanin receptor 3,22q13.1,O60755,ENSG00000128310,ENSP00000249041
gpcr,A,Class A Orphans,NM_003667,LGR5,NP_003658,leucine rich repeat containing G protein-coupled receptor 5,12q22-q23,O75473,ENSG00000139292,ENSP00000266674
gpcr,A,Olfactory recpetors,NM_003696,OR6A2,,,,,ENSG00000184933,ENSP00000330384
gpcr,A,Olfactory recpetors,NM_003697,OR5F1,,,,,ENSG00000149133,ENSP00000278409
gpcr,A,Olfactory recpetors,NM_003700,OR2D2,,,,,ENSG00000166368,ENSP00000299459
gpcr,A,Lysophospholipid (S1P) receptors,NM_003775,S1PR4,NP_003766,sphingosine-1-phosphate receptor 4,19p13.3,O95977,ENSG00000125910,ENSP00000246115
gpcr,A,Galanin receptors,NM_003857,GALR2,NP_003848,galanin receptor 2,17q25.3,O43603,ENSG00000182687,ENSP00000329684
gpcr,A,Proteinase-activated receptors,NM_003950,F2RL3,NP_003941,F2R like thrombin or trypsin receptor 3,19p12,Q96RI0,ENSG00000127533,ENSP00000248076
gpcr,A,Chemokine receptors,NM_003965,CCRL2,NP_003956,C-C motif chemokine receptor like 2,3p21,O00421,ENSG00000121797,ENSP00000381994
gpcr,A,Class A Orphans,NM_003967,TAAR5,NP_003958,trace amine associated receptor 5,6q23,O14804,ENSG00000135569,ENSP00000258034
gpcr,C,Class C Orphans,NM_003979,GPRC5A,NP_003970,G protein-coupled receptor class C group 5 member A,12p13.3,Q8NFJ5,ENSG00000013588,ENSP00000014914
gpcr,A,Complement peptide receptors,NM_004054,C3AR1,NP_004045,complement C3a receptor 1,12p13.32-12p13.3,Q16581,ENSG00000171860,ENSP00000302079
gpcr,A,Chemerin receptors,NM_004072,CMKLR1,NP_004063,chemerin chemokine-like receptor 1,12q24.1,Q99788,ENSG00000174600,ENSP00000447579
gpcr,A,Proteinase-activated receptors,NM_004101,F2RL2,NP_004092,coagulation factor II thrombin receptor like 2,5q13,O00254,ENSG00000164220,ENSP00000296641
gpcr,A,Class A Orphans,NM_004224,GPR50,NP_004215,G protein-coupled receptor 50,Xq28,Q13585,ENSG00000102195,ENSP00000218316
gpcr,A,Lysophospholipid (S1P) receptors,NM_004230,S1PR2,NP_004221,sphingosine-1-phosphate receptor 2,19p13.2,O95136,ENSG00000267534,ENSP00000496438
gpcr,B1,Glucagon receptor family,NM_004246,GLP2R,NP_004237,glucagon like peptide 2 receptor,17p13.3,O95838,ENSG00000065325,ENSP00000262441
gpcr,A,Prolactin-releasing peptide receptor,NM_004248,PRLHR,NP_004239,prolactin releasing hormone receptor,10q26.13,P49683,ENSG00000119973,ENSP00000239032
gpcr,A,Chemokine receptors,NM_004367,CCR6,NP_004358,C-C motif chemokine receptor 6,6q27,P51684,ENSG00000112486,ENSP00000383715
gpcr,B1,Corticotropin-releasing factor receptors,NM_004382,CRHR1,NP_004373,corticotropin releasing hormone receptor 1,17q21.31,P34998,ENSG00000120088,ENSP00000326060
gpcr,B1,Corticotropin-releasing factor receptors,NM_004382,CRHR1,NP_004373,corticotropin releasing hormone receptor 1,17q21.31,P34998,ENSG00000278232,ENSP00000477786
gpcr,B1,Corticotropin-releasing factor receptors,NM_004382,CRHR1,NP_004373,corticotropin releasing hormone receptor 1,17q21.31,P34998,ENSG00000276191,ENSP00000483802
gpcr,B1,VIP and PACAP receptors,NM_004624,VIPR1,NP_004615,vasoactive intestinal peptide receptor 1,3p22,P32241,ENSG00000114812,ENSP00000327246
gpcr,A,Lysophospholipid (LPA) receptors,NM_004720,LPAR2,NP_004711,lysophosphatidic acid receptor 2,19p12,Q9HBW0,ENSG00000064547,ENSP00000384665
gpcr,A,Class A Orphans,NM_004767,GPR37L1,NP_004758,G protein-coupled receptor 37 like 1,1q32.1,O60883,ENSG00000170075,ENSP00000356251
gpcr,A,Prostanoid receptors,NM_004778,PTGDR2,NP_004769,prostaglandin D2 receptor 2,11q12-q13.3,Q9Y5Y4,ENSG00000183134,ENSP00000332812
gpcr,A,Class A Orphans,NM_004951,GPR183,NP_004942,G protein-coupled receptor 183,13q32.3,P32249,ENSG00000169508,ENSP00000365596
gpcr,B1,Parathyroid hormone receptors,NM_005048,PTH2R,NP_005039,parathyroid hormone 2 receptor,2q33,P49190,ENSG00000144407,ENSP00000272847
gpcr,A,Apelin receptor,NM_005161,APLNR,NP_005152,apelin receptor,11q12,P35414,ENSG00000134817,ENSP00000475344
gpcr,A,Chemokine receptors,NM_005201,CCR8,NP_005192,C-C motif chemokine receptor 8,3p22,P51685,ENSG00000179934,ENSP00000326432
gpcr,A,Lysophospholipid (S1P) receptors,NM_005226,S1PR3,NP_005217,sphingosine-1-phosphate receptor 3,9q22.1-q22.2,Q99500,ENSG00000213694,ENSP00000350878
gpcr,A,Proteinase-activated receptors,NM_005242,F2RL1,NP_005233,F2R like trypsin receptor 1,5q14.1,P55085,ENSG00000164251,ENSP00000296677
gpcr,A,Chemerin receptors,NM_005279,GPR1,NP_005270,G protein-coupled receptor 1,2q33.3,P46091,ENSG00000183671,ENSP00000384345
gpcr,A,Chemerin receptors,NM_005279,GPR1,NP_005270,G protein-coupled receptor 1,2q33.3,P46091,ENSG00000283448,ENSP00000490813
gpcr,A,Class A Orphans,NM_005281,GPR3,NP_005272,G protein-coupled receptor 3,1p36.1-p35,P46089,ENSG00000181773,ENSP00000363136
gpcr,A,Class A Orphans,NM_005282,GPR4,NP_005273,G protein-coupled receptor 4,19q13.3,P46093,ENSG00000177464,ENSP00000319744
gpcr,A,Chemokine receptors,NM_005283,XCR1,NP_005274,X-C motif chemokine receptor 1,3p21.3-p21.1,P46094,ENSG00000173578,ENSP00000310405
gpcr,A,Class A Orphans,NM_005284,GPR6,NP_005275,G protein-coupled receptor 6,6q21,P46095,ENSG00000146360,ENSP00000275169
gpcr,A,Neuropeptide W/neuropeptide B receptors,NM_005285,NPBWR1,NP_005276,neuropeptides B and W receptor 1,8q11.23,P48145,ENSG00000183729,ENSP00000330284
gpcr,A,Neuropeptide W/neuropeptide B receptors,NM_005286,NPBWR2,NP_005277,neuropeptides B and W receptor 2,20q13.3,P48146,ENSG00000277339,ENSP00000484253
gpcr,A,Neuropeptide W/neuropeptide B receptors,NM_005286,NPBWR2,NP_005277,neuropeptides B and W receptor 2,20q13.3,P48146,ENSG00000125522,ENSP00000358783
gpcr,A,Class A Orphans,NM_005288,GPR12,NP_005279,G protein-coupled receptor 12,13q12,P47775,ENSG00000132975,ENSP00000384932
gpcr,A,Class A Orphans,NM_005290,GPR15,NP_005281,G protein-coupled receptor 15,3q11.2-q13.1,P49685,ENSG00000154165,ENSP00000284311
gpcr,A,Class A Orphans,NM_005291,GPR17,NP_005282,G protein-coupled receptor 17,2q21,Q13304,ENSG00000144230,ENSP00000272644
gpcr,A,Class A Orphans,NM_005292,GPR18,NP_005283,G protein-coupled receptor 18,13q32.3,Q14330,ENSG00000125245,ENSP00000380613
gpcr,A,"GPR18, GPR55 and GPR119",NM_005292,GPR18,NP_005283,G protein-coupled receptor 18,13q32.3,Q14330,ENSG00000125245,ENSP00000380613
gpcr,A,Class A Orphans,NM_005293,GPR20,NP_005284,G protein-coupled receptor 20,8q24.2-8q24.3,Q99678,ENSG00000204882,ENSP00000366970
gpcr,A,Class A Orphans,NM_005293,GPR20,NP_005284,G protein-coupled receptor 20,8q24.2-8q24.3,Q99678,ENSG00000275181,ENSP00000479665
gpcr,A,Class A Orphans,NM_005294,GPR21,NP_005285,G protein-coupled receptor 21,9q33,Q99679,ENSG00000011454,ENSP00000482287
gpcr,A,Class A Orphans,NM_005295,GPR22,NP_005286,G protein-coupled receptor 22,7q22-q31.1,Q99680,ENSG00000283812,ENSP00000492841
gpcr,A,Class A Orphans,NM_005295,GPR22,NP_005286,G protein-coupled receptor 22,7q22-q31.1,Q99680,ENSG00000172209,ENSP00000302676
gpcr,A,Lysophospholipid (LPA) receptors,NM_005296,LPAR4,NP_005287,lysophosphatidic acid receptor 4,Xq21.1,Q99677,ENSG00000147145,ENSP00000408205
gpcr,A,Melanin-concentrating hormone receptors,NM_005297,MCHR1,NP_005288,melanin concentrating hormone receptor 1,22q13.2,Q99705,ENSG00000128285,ENSP00000249016
gpcr,A,Class A Orphans,NM_005298,GPR25,NP_005289,G protein-coupled receptor 25,1q32.1,O00155,ENSG00000170128,ENSP00000301917
gpcr,A,Class A Orphans,NM_005299,GPR31,NP_005290,G protein-coupled receptor 31,6q27,O00270,ENSG00000120436,ENSP00000355799
gpcr,A,Class A Orphans,NM_005300,GPR34,NP_005291,G protein-coupled receptor 34,Xp11.4-p11.3,Q9UPC5,ENSG00000171659,ENSP00000367384
gpcr,A,Class A Orphans,NM_005301,GPR35,NP_005292,G protein-coupled receptor 35,2q37.3,Q9HC97,ENSG00000178623,ENSP00000384263
gpcr,A,Class A Orphans,NM_005302,GPR37,NP_005293,G protein-coupled receptor 37,7q31,O15354,ENSG00000170775,ENSP00000306449
gpcr,A,Free fatty acid receptors,NM_005303,FFAR1,NP_005294,free fatty acid receptor 1,19q13.1,O14842,ENSG00000126266,ENSP00000246553
gpcr,A,Free fatty acid receptors,NM_005304,FFAR3,NP_005295,free fatty acid receptor 3,19q13.1,O14843,ENSG00000185897,ENSP00000328230
gpcr,A,Free fatty acid receptors,NM_005306,FFAR2,NP_005297,free fatty acid receptor 2,19q13.1,O15552,ENSG00000126262,ENSP00000473159
gpcr,A,Bombesin receptors,NM_005314,GRPR,NP_005305,gastrin releasing peptide receptor,Xp22.2-p22.13,P30550,ENSG00000126010,ENSP00000369643
gpcr,C,GABA<sub>B</sub> receptors,NM_005458,GABBR2,NP_005449,gamma-aminobutyric acid type B receptor subunit 2,9q22.1-22.3,O75899,ENSG00000136928,ENSP00000259455
gpcr,A,Chemokine receptors,NM_005508,CCR4,NP_005499,C-C motif chemokine receptor 4,3p24,P51679,ENSG00000183813,ENSP00000332659
gpcr,F,Class Frizzled GPCRs,NM_005631,SMO,NP_005622,"smoothened, frizzled class receptor",7q32.3,Q99835,ENSG00000128602,ENSP00000249373
gpcr,B2,Adhesion Class GPCRs,NM_005682,ADGRG1,NP_005673,adhesion G protein-coupled receptor G1,16q12.2-q21,Q9Y653,ENSG00000205336,ENSP00000456794
gpcr,A,Class A Orphans,NM_005683,GPR55,NP_005674,G protein-coupled receptor 55,2q36.3,Q9Y2T6,ENSG00000135898,ENSP00000498258
gpcr,A,"GPR18, GPR55 and GPR119",NM_005683,GPR55,NP_005674,G protein-coupled receptor 55,2q36.3,Q9Y2T6,ENSG00000135898,ENSP00000498258
gpcr,A,Class A Orphans,NM_005684,GPR52,NP_005675,G protein-coupled receptor 52,1q24,Q9Y2T5,ENSG00000203737,ENSP00000356658
gpcr,A,Lysophospholipid (LPA) receptors,NM_005767,LPAR6,NP_005758,lysophosphatidic acid receptor 6,13q14,P43657,ENSG00000139679,ENSP00000367691
gpcr,B1,Calcitonin receptors,NM_005795,CALCRL,NP_005786,calcitonin receptor like receptor,2q32.1,Q16602,ENSG00000064989,ENSP00000376177
gpcr,A,Melanocortin receptors,NM_005912,MC4R,NP_005903,melanocortin 4 receptor,18q21.3,P32245,ENSG00000166603,ENSP00000299766
gpcr,A,Melanocortin receptors,NM_005913,MC5R,NP_005904,melanocortin 5 receptor,18p11.2,P33032,ENSG00000176136,ENSP00000468086
gpcr,A,Melatonin receptors,NM_005958,MTNR1A,NP_005949,melatonin receptor 1A,4q35.1,P48039,ENSG00000168412,ENSP00000302811
gpcr,A,Melatonin receptors,NM_005959,MTNR1B,NP_005950,melatonin receptor 1B,11q21-q22,P49286,ENSG00000134640,ENSP00000257068
gpcr,A,Neuropeptide Y receptors,NM_005972,NPY4R,NP_005963,neuropeptide Y receptor Y4,10q11.2,P50391,ENSG00000204174,ENSP00000363431
gpcr,A,Hydroxycarboxylic acid receptors,NM_006018,HCAR3,NP_006009,hydroxycarboxylic acid receptor 3,12q24.31,P49019,ENSG00000255398,ENSP00000436714
gpcr,A,Neuromedin U receptors,NM_006056,NMUR1,NP_006047,neuromedin U receptor 1,2q37.1,Q9HB89,ENSG00000171596,ENSP00000305877
gpcr,A,Class A Orphans,NM_006143,GPR19,NP_006134,G protein-coupled receptor 19,12p12.3,Q15760,ENSG00000183150,ENSP00000498976
gpcr,A,Neuropeptide Y receptors,NM_006174,NPY5R,NP_006165,neuropeptide Y receptor Y5,4q31-q32,Q15761,ENSG00000164129,ENSP00000339377
gpcr,A,Chemokine receptors,NM_006564,CXCR6,NP_006555,C-X-C motif chemokine receptor 6,3p21,O00574,ENSG00000172215,ENSP00000304414
gpcr,A,Olfactory recpetors,NM_006637,OR5I1,,,,,ENSG00000167825,ENSP00000301532
gpcr,A,Leukotriene receptors,NM_006639,CYSLTR1,NP_006630,cysteinyl leukotriene receptor 1,Xq13.2-21.1,Q9Y271,ENSG00000173198,ENSP00000362401
gpcr,A,Chemokine receptors,NM_006641,CCR9,NP_006632,C-C motif chemokine receptor 9,3p21.3,P51686,ENSG00000173585,ENSP00000379292
gpcr,A,Class A Orphans,NM_006794,GPR75,NP_006785,G protein-coupled receptor 75,2p16,O95800,ENSG00000119737,ENSP00000378195
gpcr,A,Olfactory recpetors,NM_007160,OR2H2,,,,,ENSG00000229185,ENSP00000403604
gpcr,A,Olfactory recpetors,NM_007160,OR2H2,,,,,ENSG00000206467,ENSP00000373038
gpcr,A,Olfactory recpetors,NM_007160,OR2H2,,,,,ENSG00000206512,ENSP00000366146
gpcr,A,Olfactory recpetors,NM_007160,OR2H2,,,,,ENSG00000204657,ENSP00000373136
gpcr,A,Olfactory recpetors,NM_007160,OR2H2,,,,,ENSG00000227044,ENSP00000409339
gpcr,A,Olfactory recpetors,NM_007160,OR2H2,,,,,ENSG00000229680,ENSP00000410227
gpcr,A,Olfactory recpetors,NM_007160,OR2H2,,,,,ENSG00000224319,ENSP00000414688
gpcr,F,Class Frizzled GPCRs,NM_007197,FZD10,NP_009128,frizzled class receptor 10,12q24.33,Q9ULW2,ENSG00000111432,ENSP00000229030
gpcr,A,Class A Orphans,NM_007223,GPR176,NP_009154,G protein-coupled receptor 176,15q14-q15.1,Q14439,ENSG00000166073,ENSP00000453076
gpcr,A,Class A Orphans,NM_007227,GPR45,NP_009158,G protein-coupled receptor 45,2q11.1-q12,Q9Y5Y3,ENSG00000135973,ENSP00000258456
gpcr,A,Histamine receptors,NM_007232,HRH3,NP_009163,histamine receptor H3,20q13.33,Q9Y5N1,ENSG00000101180,ENSP00000342560
gpcr,A,Class A Orphans,NM_007264,GPR182,NP_009195,G protein-coupled receptor 182,12q13.3,O15218,ENSG00000166856,ENSP00000300098
gpcr,A,Acetylcholine receptors (muscarinic),NM_012125,CHRM5,NP_036257,cholinergic receptor muscarinic 5,15q26,P08912,ENSG00000184984,ENSP00000372750
gpcr,A,Lysophospholipid (LPA) receptors,NM_012152,LPAR3,NP_036284,lysophosphatidic acid receptor 3,1p22.3,Q9UBY5,ENSG00000171517,ENSP00000359643
gpcr,F,Class Frizzled GPCRs,NM_012193,FZD4,NP_036325,frizzled class receptor 4,11q14.2,Q9ULV1,ENSG00000174804,ENSP00000434034
gpcr,B2,Adhesion Class GPCRs,NM_012302,ADGRL2,NP_036434,adhesion G protein-coupled receptor L2,1p31.1,O95490,ENSG00000117114,ENSP00000322270
gpcr,A,Neurotensin receptors,NM_012344,NTSR2,NP_036476,neurotensin receptor 2,2p25.1,O95665,ENSG00000169006,ENSP00000303686
gpcr,A,Olfactory recpetors,NM_012351,OR10J1,,,,,ENSG00000196184,ENSP00000399078
gpcr,A,Olfactory recpetors,NM_012352,OR1A2,,,,,ENSG00000172150,ENSP00000371377
gpcr,A,Olfactory recpetors,NM_012353,OR1C1,,,,,ENSG00000221888,ENSP00000386138
gpcr,A,Olfactory recpetors,NM_012360,OR1F1,,,,,ENSG00000168124,ENSP00000305424
gpcr,A,Olfactory recpetors,NM_012363,OR1N1,,,,,ENSG00000171505,ENSP00000306974
gpcr,A,Olfactory recpetors,NM_012364,OR1Q1,,,,,ENSG00000165202,ENSP00000297913
gpcr,A,Olfactory recpetors,NM_012365,OR2A5,,,,,ENSG00000284896,ENSP00000494865
gpcr,A,Olfactory recpetors,NM_012365,OR2A5,,,,,ENSG00000221836,ENSP00000386208
gpcr,A,Olfactory recpetors,NM_012367,OR2B6,,,,,ENSG00000124657,ENSP00000244623
gpcr,A,Olfactory recpetors,NM_012368,OR2C1,,,,,ENSG00000168158,ENSP00000307726
gpcr,A,Olfactory recpetors,NM_012369,OR2F1,,,,,ENSG00000213215,ENSP00000485483
gpcr,A,Olfactory recpetors,NM_012369,OR2F1,,,,,ENSG00000284866,ENSP00000496442
gpcr,A,Olfactory recpetors,NM_012373,OR3A3,,,,,ENSG00000159961,ENSP00000291231
gpcr,A,Olfactory recpetors,NM_012374,OR4D1,,,,,ENSG00000141194,ENSP00000365451
gpcr,A,Olfactory recpetors,NM_012375,OR52A1,,,,,ENSG00000182070,ENSP00000333684
gpcr,A,Olfactory recpetors,NM_012377,OR7C2,,,,,ENSG00000127529,ENSP00000248072
gpcr,A,Olfactory recpetors,NM_012378,OR8B8,,,,,ENSG00000197125,ENSP00000330280
gpcr,A,Class A Orphans,NM_013308,GPR171,NP_013308,G protein-coupled receptor 171,3q25.1,O14626,ENSG00000174946,ENSP00000308479
gpcr,A,Class A Orphans,NM_013345,GPR132,NP_037477,G protein-coupled receptor 132,14q32.3,Q9UNW8,ENSG00000183484,ENSP00000328818
gpcr,B2,Adhesion Class GPCRs,NM_013447,ADGRE2,NP_038475,adhesion G protein-coupled receptor E2,19p13.1,Q9UHX3,ENSG00000127507,ENSP00000319883
gpcr,A,Olfactory recpetors,NM_013936,OR12D2,,,,,ENSG00000235966,ENSP00000415065
gpcr,A,Olfactory recpetors,NM_013936,OR12D2,,,,,ENSG00000225247,ENSP00000390448
gpcr,A,Olfactory recpetors,NM_013936,OR12D2,,,,,ENSG00000280236,ENSP00000485112
gpcr,A,Olfactory recpetors,NM_013936,OR12D2,,,,,ENSG00000204690,ENSP00000366345
gpcr,A,Olfactory recpetors,NM_013936,OR12D2,,,,,ENSG00000233481,ENSP00000414137
gpcr,A,Olfactory recpetors,NM_013936,OR12D2,,,,,ENSG00000227446,ENSP00000400571
gpcr,A,Olfactory recpetors,NM_013937,OR11A1,,,,,ENSG00000232289,ENSP00000447745
gpcr,A,Olfactory recpetors,NM_013937,OR11A1,,,,,ENSG00000230780,ENSP00000450263
gpcr,A,Olfactory recpetors,NM_013937,OR11A1,,,,,ENSG00000206472,ENSP00000447956
gpcr,A,Olfactory recpetors,NM_013937,OR11A1,,,,,ENSG00000204694,ENSP00000366352
gpcr,A,Olfactory recpetors,NM_013937,OR11A1,,,,,ENSG00000237258,ENSP00000447222
gpcr,A,Olfactory recpetors,NM_013937,OR11A1,,,,,ENSG00000223898,ENSP00000447267
gpcr,A,Olfactory recpetors,NM_013937,OR11A1,,,,,ENSG00000234347,ENSP00000447627
gpcr,A,Olfactory recpetors,NM_013937,OR11A1,,,,,ENSG00000206517,ENSP00000447215
gpcr,A,Olfactory recpetors,NM_013938,OR10H3,,,,,ENSG00000171936,ENSP00000307130
gpcr,A,Olfactory recpetors,NM_013939,OR10H2,,,,,ENSG00000171942,ENSP00000306095
gpcr,A,Olfactory recpetors,NM_013940,OR10H1,,,,,ENSG00000186723,ENSP00000335596
gpcr,A,Olfactory recpetors,NM_013941,OR10C1,,,,,ENSG00000206474,ENSP00000419119
gpcr,A,Olfactory recpetors,NM_013941,OR10C1,,,,,ENSG00000220550,ENSP00000425554
gpcr,A,Olfactory recpetors,NM_013941,OR10C1,,,,,ENSG00000235441,ENSP00000404869
gpcr,A,Olfactory recpetors,NM_013941,OR10C1,,,,,ENSG00000224234,ENSP00000408961
gpcr,A,Olfactory recpetors,NM_013941,OR10C1,,,,,ENSG00000229412,ENSP00000366343
gpcr,A,Olfactory recpetors,NM_013941,OR10C1,,,,,ENSG00000232397,ENSP00000412512
gpcr,A,Olfactory recpetors,NM_013941,OR10C1,,,,,ENSG00000204689,ENSP00000375393
gpcr,A,Olfactory recpetors,NM_013941,OR10C1,,,,,ENSG00000230505,ENSP00000402486
gpcr,B2,Adhesion Class GPCRs,NM_014246,CELSR1,NP_005061,cadherin EGF LAG seven-pass G-type receptor 1,22q13.31,Q9NYQ6,ENSG00000075275,ENSP00000262738
gpcr,A,Opsin receptors,NM_014322,OPN3,NP_055137,opsin 3,1q43,Q9H1Y3,ENSG00000054277,ENSP00000355512
gpcr,A,Class A Orphans,NM_014373,GPR160,NP_055188,G protein-coupled receptor 160,3q26.2-q27,Q9UJ42,ENSG00000173890,ENSP00000348161
gpcr,A,Class A Orphans,NM_014499,P2RY10,NP_055314,P2Y receptor family member 10,Xq21.1,O00398,ENSG00000078589,ENSP00000171757
gpcr,A,Olfactory recpetors,NM_014565,OR1A1,,,,,ENSG00000172146,ENSP00000305207
gpcr,A,Olfactory recpetors,NM_014566,OR1D5,,,,,ENSG00000262628,ENSP00000459028
gpcr,A,P2Y receptors,NM_014879,P2RY14,NP_055694,purinergic receptor P2Y14,3q24-q25.1,Q15391,ENSG00000174944,ENSP00000308361
gpcr,B2,Adhesion Class GPCRs,NM_015234,ADGRF5,NP_056049,adhesion G protein-coupled receptor F5,6p12.3,Q8IZF2,ENSG00000069122,ENSP00000265417
gpcr,B2,Adhesion Class GPCRs,NM_015236,ADGRL3,NP_056051,adhesion G protein-coupled receptor L3,4q13.1,Q9HAR2,ENSG00000150471,ENSP00000422533
gpcr,A,Cannabinoid receptors,NM_016083,CNR1,NP_057167,cannabinoid receptor 1,6q14-q15,P21554,ENSG00000118432,ENSP00000358513
gpcr,C,Class C Orphans,NM_016235,GPRC5B,NP_057319,G protein-coupled receptor class C group 5 member B,16p12,Q9NZH0,ENSG00000167191,ENSP00000300571
gpcr,A,Class A Orphans,NM_016540,GPR83,NP_057624,G protein-coupled receptor 83,11q21,Q9NYM4,ENSG00000123901,ENSP00000243673
gpcr,A,Relaxin family peptide receptors,NM_016568,RXFP3,NP_057652,relaxin family peptide receptor 3,5p15.1-p14,Q9NSD7,ENSG00000277069,ENSP00000480733
gpcr,A,Relaxin family peptide receptors,NM_016568,RXFP3,NP_057652,relaxin family peptide receptor 3,5p15.1-p14,Q9NSD7,ENSG00000182631,ENSP00000328708
gpcr,A,Chemokine receptors,NM_016602,CCR10,NP_057686,C-C motif chemokine receptor 10,17q21.1-q21.3,P46092,ENSG00000184451,ENSP00000332504
gpcr,F,Class Frizzled GPCRs,NM_017412,FZD3,NP_059108,frizzled class receptor 3,8p21,Q9NPG1,ENSG00000104290,ENSP00000240093
gpcr,A,Olfactory recpetors,NM_017504,OR2M4,,,,,ENSG00000171180,ENSP00000306688
gpcr,A,Olfactory recpetors,NM_017506,OR7A5,,,,,ENSG00000188269,ENSP00000316955
gpcr,A,Complement peptide receptors,NM_018485,C5AR2,NP_060955,complement component 5a receptor 2,19q13.33,Q9P296,ENSG00000134830,ENSP00000471184
gpcr,A,Class A Orphans,NM_018490,LGR4,NP_060960,leucine rich repeat containing G protein-coupled receptor 4,11p14-p13,Q9BXB1,ENSG00000205213,ENSP00000368516
gpcr,C,Class C Orphans,NM_018653,GPRC5C,NP_061123,G protein-coupled receptor class C group 5 member C,17q25.1-q25.3,Q9NQ84,ENSG00000170412,ENSP00000376405
gpcr,C,Class C Orphans,NM_018654,GPRC5D,NP_061124,G protein-coupled receptor class C group 5 member D,12p13.3,Q9NZD1,ENSG00000111291,ENSP00000228887
gpcr,A,Urotensin receptor,NM_018949,UTS2R,NP_061822,urotensin 2 receptor,17q25.3,Q9UKP6,ENSG00000181408,ENSP00000323516
gpcr,A,Class A Orphans,NM_018969,GPR173,NP_061842,G protein-coupled receptor 173,Xp11,Q9NS66,ENSG00000184194,ENSP00000331600
gpcr,A,Class A Orphans,NM_018970,GPR85,NP_061842,G protein-coupled receptor 85,7q31,P60893,ENSG00000164604,ENSP00000297146
gpcr,A,Class A Orphans,NM_018971,GPR27,NP_061844,G protein-coupled receptor 27,3p21-p14,Q9NS67,ENSG00000170837,ENSP00000303149
gpcr,A,Leukotriene receptors,NM_019839,LTB4R2,NP_062813,leukotriene B4 receptor 2,14q11.2-q12,Q9NPC1,ENSG00000213906,ENSP00000433290
gpcr,A,Leukotriene receptors,NM_019839,LTB4R2,NP_062813,leukotriene B4 receptor 2,14q11.2-q12,Q9NPC1,ENSG00000285203,ENSP00000494877
gpcr,A,Class A Orphans,NM_019858,GPR162,NP_062832,G protein-coupled receptor 162,12p13,Q16538,ENSG00000250510,ENSP00000311528
gpcr,A,Melanocortin receptors,NM_019888,MC3R,NP_063941,melanocortin 3 receptor,20q13.2,P41968,ENSG00000124089,ENSP00000243911
gpcr,A,Olfactory recpetors,NM_019897,OR2S2,,,,,ENSG00000278889,ENSP00000344040
gpcr,A,Opsin receptors,NM_020061,OPN1LW,NP_064445,"opsin 1, long wave sensitive",Xq28,P04000,ENSG00000102076,ENSP00000358967
gpcr,A,Neuromedin U receptors,NM_020167,NMUR2,NP_064552,neuromedin U receptor 2,5q33.1,Q9GZQ4,ENSG00000132911,ENSP00000255262
gpcr,A,Chemokine receptors,NM_020311,ACKR3,NP_064707,atypical chemokine receptor 3,2q37.3,P25106,ENSG00000144476,ENSP00000272928
gpcr,A,Class A Orphans,NM_020370,GPR84,NP_065103,G protein-coupled receptor 84,12q13.13,Q9NQS5,ENSG00000139572,ENSP00000267015
gpcr,A,Leukotriene receptors,NM_020377,CYSLTR2,NP_065110,cysteinyl leukotriene receptor 2,13q14.12-q21.1,Q9NS75,ENSG00000152207,ENSP00000477930
gpcr,A,Lysophospholipid (LPA) receptors,NM_020400,LPAR5,NP_065133,lysophosphatidic acid receptor 5,12p13.31,Q9H1C0,ENSG00000184574,ENSP00000327875
gpcr,C,Class C Orphans,NM_020752,GPR158,NP_065803,G protein-coupled receptor 158,10p12.31,Q5T848,ENSG00000151025,ENSP00000365529
gpcr,A,Histamine receptors,NM_021624,HRH4,NP_067637,histamine receptor H4,18q11.2,Q9H3N8,ENSG00000134489,ENSP00000256906
gpcr,A,Relaxin family peptide receptors,NM_021634,RXFP1,NP_067647,relaxin family peptide receptor 1,4q32.1,Q9HBX9,ENSG00000171509,ENSP00000303248
gpcr,A,Class A Orphans,NM_021636,LGR6,NP_067649,leucine rich repeat containing G protein-coupled receptor 6,1q32.1,Q9HBX8,ENSG00000133067,ENSP00000255432
gpcr,A,Class A Orphans,NM_022049,GPR88,NP_071332,G protein-coupled receptor 88,1p21.3,Q9GZN0,ENSG00000181656,ENSP00000314223
gpcr,A,Neuropeptide FF/neuropeptide AF receptors,NM_022146,NPFFR1,NP_071429,neuropeptide FF receptor 1,10q21-q22,Q9GZQ6,ENSG00000148734,ENSP00000277942
gpcr,B2,Adhesion Class GPCRs,NM_022159,ADGRL4,NP_071442,adhesion G protein-coupled receptor L4,1p31.1,Q9HBW9,ENSG00000162618,ENSP00000359778
gpcr,A,Class A Orphans,NM_022571,GPR135,NP_072093,G protein-coupled receptor 135,14q22.3,Q8IZ08,ENSG00000181619,ENSP00000378548
gpcr,A,P2Y receptors,NM_022788,P2RY12,NP_073625,purinergic receptor P2Y12,3q24-q25,Q9H244,ENSG00000169313,ENSP00000307259
gpcr,A,Class A Orphans,NM_023915,GPR87,NP_076404,G protein-coupled receptor 87,3q24,Q9BY21,ENSG00000138271,ENSP00000260843
gpcr,A,5-Hydroxytryptamine receptors,NM_024012,HTR5A,NP_076917,5-hydroxytryptamine receptor 5A,7q36.1,P47898,ENSG00000157219,ENSP00000287907
gpcr,A,Lysophospholipid (S1P) receptors,NM_030760,S1PR5,NP_110387,sphingosine-1-phosphate receptor 5,19p13.2,Q9H228,ENSG00000180739,ENSP00000328472
gpcr,A,Olfactory recpetors,NM_030774,OR51E2,,,,,ENSG00000167332,ENSP00000380153
gpcr,A,Class A Orphans,NM_030784,GPR63,NP_110411,G protein-coupled receptor 63,6q16.1-q16.3,Q9BZJ6,ENSG00000112218,ENSP00000229955
gpcr,A,Olfactory recpetors,NM_030876,OR5V1,,,,,ENSG00000112461,ENSP00000230223
gpcr,A,Olfactory recpetors,NM_030876,OR5V1,,,,,ENSG00000243729,ENSP00000443309
gpcr,A,Olfactory recpetors,NM_030876,OR5V1,,,,,ENSG00000233046,ENSP00000450230
gpcr,A,Olfactory recpetors,NM_030876,OR5V1,,,,,ENSG00000227137,ENSP00000449041
gpcr,A,Olfactory recpetors,NM_030876,OR5V1,,,,,ENSG00000243441,ENSP00000446579
gpcr,A,Olfactory recpetors,NM_030901,OR7A17,,,,,ENSG00000185385,ENSP00000328144
gpcr,A,Olfactory recpetors,NM_030903,OR2W1,,,,,ENSG00000204704,ENSP00000366380
gpcr,A,Olfactory recpetors,NM_030903,OR2W1,,,,,ENSG00000229328,ENSP00000405025
gpcr,A,Olfactory recpetors,NM_030903,OR2W1,,,,,ENSG00000234101,ENSP00000389825
gpcr,A,Olfactory recpetors,NM_030903,OR2W1,,,,,ENSG00000228977,ENSP00000392635
gpcr,A,Olfactory recpetors,NM_030903,OR2W1,,,,,ENSG00000206525,ENSP00000373150
gpcr,A,Olfactory recpetors,NM_030903,OR2W1,,,,,ENSG00000228652,ENSP00000401866
gpcr,A,Olfactory recpetors,NM_030903,OR2W1,,,,,ENSG00000226463,ENSP00000412537
gpcr,A,Olfactory recpetors,NM_030903,OR2W1,,,,,ENSG00000227639,ENSP00000388144
gpcr,A,Olfactory recpetors,NM_030904,OR2T1,,,,,ENSG00000273508,ENSP00000479603
gpcr,A,Olfactory recpetors,NM_030904,OR2T1,,,,,ENSG00000275244,ENSP00000482752
gpcr,A,Olfactory recpetors,NM_030904,OR2T1,,,,,ENSG00000175143,ENSP00000355430
gpcr,A,Olfactory recpetors,NM_030905,OR2J2,,,,,ENSG00000232945,ENSP00000408988
gpcr,A,Olfactory recpetors,NM_030905,OR2J2,,,,,ENSG00000226347,ENSP00000416299
gpcr,A,Olfactory recpetors,NM_030905,OR2J2,,,,,ENSG00000225550,ENSP00000398238
gpcr,A,Olfactory recpetors,NM_030905,OR2J2,,,,,ENSG00000231676,ENSP00000396524
gpcr,A,Olfactory recpetors,NM_030905,OR2J2,,,,,ENSG00000226000,ENSP00000392497
gpcr,A,Olfactory recpetors,NM_030905,OR2J2,,,,,ENSG00000204700,ENSP00000366372
gpcr,A,Olfactory recpetors,NM_030905,OR2J2,,,,,ENSG00000196231,ENSP00000351519
gpcr,A,Olfactory recpetors,NM_030905,OR2J2,,,,,ENSG00000234746,ENSP00000403186
gpcr,A,Olfactory recpetors,NM_030908,OR2A4,,,,,ENSG00000180658,ENSP00000319546
gpcr,A,Olfactory recpetors,NM_030946,OR14J1,,,,,ENSG00000112459,ENSP00000230221
gpcr,A,Olfactory recpetors,NM_030946,OR14J1,,,,,ENSG00000234100,ENSP00000400501
gpcr,A,Olfactory recpetors,NM_030946,OR14J1,,,,,ENSG00000225291,ENSP00000398851
gpcr,A,Olfactory recpetors,NM_030946,OR14J1,,,,,ENSG00000236927,ENSP00000389802
gpcr,A,Olfactory recpetors,NM_030946,OR14J1,,,,,ENSG00000237777,ENSP00000408647
gpcr,A,Olfactory recpetors,NM_030946,OR14J1,,,,,ENSG00000234195,ENSP00000403553
gpcr,A,Olfactory recpetors,NM_030946,OR14J1,,,,,ENSG00000204695,ENSP00000366365
gpcr,A,Olfactory recpetors,NM_030959,OR12D3,,,,,ENSG00000224487,ENSP00000447580
gpcr,A,Olfactory recpetors,NM_030959,OR12D3,,,,,ENSG00000112462,ENSP00000380023
gpcr,A,Olfactory recpetors,NM_030959,OR12D3,,,,,ENSG00000242022,ENSP00000447204
gpcr,A,Olfactory recpetors,NM_030959,OR12D3,,,,,ENSG00000250364,ENSP00000447118
gpcr,A,Olfactory recpetors,NM_030959,OR12D3,,,,,ENSG00000204692,ENSP00000449350
gpcr,A,Olfactory recpetors,NM_030959,OR12D3,,,,,ENSG00000251394,ENSP00000448923
gpcr,F,Class Frizzled GPCRs,NM_031866,FZD8,NP_114072,frizzled class receptor 8,10p11.22,Q9H461,ENSG00000177283,ENSP00000363826
gpcr,A,Class A Orphans,NM_031936,GPR61,NP_114142,G protein-coupled receptor 61,1p13.3,Q9BZJ8,ENSG00000156097,ENSP00000484797
gpcr,B2,Adhesion Class GPCRs,NM_032119,ADGRV1,NP_115495,adhesion G protein-coupled receptor V1,5q13,Q8WXG9,ENSG00000164199,ENSP00000384582
gpcr,A,Kisspeptin receptor,NM_032551,KISS1R,NP_115940,KISS1 receptor,19p13.3,Q969F8,ENSG00000116014,ENSP00000234371
gpcr,A,Class A Orphans,NM_032553,GPR174,NP_115942,G protein-coupled receptor 174,Xq13.3,Q9BXC1,ENSG00000147138,ENSP00000276077
gpcr,A,Hydroxycarboxylic acid receptors,NM_032554,HCAR1,NP_115943,hydroxycarboxylic acid receptor 1,12q24.3,Q9BXC0,ENSG00000196917,ENSP00000389255
gpcr,B2,Adhesion Class GPCRs,NM_032571,ADGRE3,NP_115960,adhesion G protein-coupled receptor E3,19p13.12,Q9BY15,ENSG00000131355,ENSP00000253673
gpcr,B2,Adhesion Class GPCRs,NM_032777,ADGRA2,NP_116166,adhesion G protein-coupled receptor A2,8p11.22,Q96PE1,ENSG00000020181,ENSP00000406367
gpcr,B2,Adhesion Class GPCRs,NM_032787,ADGRG7,NP_116176,adhesion G protein-coupled receptor G7,3q12.3,Q96K78,ENSG00000144820,ENSP00000273352
gpcr,A,Succinate receptor,NM_033050,SUCNR1,NP_149039,succinate receptor 1,3q24-3q25.1,Q9BXA5,ENSG00000198829,ENSP00000355156
gpcr,A,Olfactory recpetors,NM_033057,OR2B2,,,,,ENSG00000168131,ENSP00000304419
gpcr,A,Olfactory recpetors,NM_033179,OR51B4,,,,,ENSG00000183251,ENSP00000369573
gpcr,A,Olfactory recpetors,NM_033180,OR51B2,,,,,ENSG00000279012,ENSP00000485407
gpcr,A,Opsin receptors,NM_033282,OPN4,NP_001025186|NP_150598,opsin 4,10q22,Q9UHM6,ENSG00000122375,ENSP00000241891
gpcr,A,Class A Orphans,NM_052967,MAS1L,NP_443199,"MAS1 proto-oncogene like, G protein-coupled receptor",6p22.1,P35410,ENSG00000228377,ENSP00000405030
gpcr,A,Class A Orphans,NM_052967,MAS1L,NP_443199,"MAS1 proto-oncogene like, G protein-coupled receptor",6p22.1,P35410,ENSG00000206470,ENSP00000373041
gpcr,A,Class A Orphans,NM_052967,MAS1L,NP_443199,"MAS1 proto-oncogene like, G protein-coupled receptor",6p22.1,P35410,ENSG00000234954,ENSP00000410649
gpcr,A,Class A Orphans,NM_052967,MAS1L,NP_443199,"MAS1 proto-oncogene like, G protein-coupled receptor",6p22.1,P35410,ENSG00000237284,ENSP00000392071
gpcr,A,Class A Orphans,NM_052967,MAS1L,NP_443199,"MAS1 proto-oncogene like, G protein-coupled receptor",6p22.1,P35410,ENSG00000206515,ENSP00000373139
gpcr,A,Class A Orphans,NM_052967,MAS1L,NP_443199,"MAS1 proto-oncogene like, G protein-coupled receptor",6p22.1,P35410,ENSG00000204687,ENSP00000366331
gpcr,A,Class A Orphans,NM_052967,MAS1L,NP_443199,"MAS1 proto-oncogene like, G protein-coupled receptor",6p22.1,P35410,ENSG00000233141,ENSP00000405164
gpcr,A,Class A Orphans,NM_052967,MAS1L,NP_443199,"MAS1 proto-oncogene like, G protein-coupled receptor",6p22.1,P35410,ENSG00000228515,ENSP00000399042
gpcr,A,Class A Orphans,NM_053278,TAAR8,NP_444508,trace amine associated receptor 8,6q23.2,Q969N4,ENSG00000146385,ENSP00000275200
gpcr,A,Class A Orphans,NM_054021,GPR101,NP_473362,G protein-coupled receptor 101,Xq25-q27.1,Q96P66,ENSG00000165370,ENSP00000298110
gpcr,A,Class A Orphans,NM_054030,MRGPRX2,NP_054030,MAS related GPR family member X2,11p15.1,Q96LB1,ENSG00000183695,ENSP00000333800
gpcr,A,Class A Orphans,NM_054031,MRGPRX3,NP_473372,MAS related GPR family member X3,11p15.1,Q96LB0,ENSG00000179826,ENSP00000379571
gpcr,A,Class A Orphans,NM_054032,MRGPRX4,NP_473373,MAS related GPR family member X4,11p15.1,Q96LA9,ENSG00000179817,ENSP00000314042
gpcr,A,Olfactory recpetors,NM_054104,OR6C3,,,,,ENSG00000205329,ENSP00000368989
gpcr,A,Olfactory recpetors,NM_054105,OR6C2,,,,,ENSG00000179695,ENSP00000323606
gpcr,A,Olfactory recpetors,NM_054106,OR5AC2,,,,,ENSG00000196578,ENSP00000351466
gpcr,A,Olfactory recpetors,NM_054107,OR1J2,,,,,ENSG00000197233,ENSP00000335575
gpcr,A,Class A Orphans,NM_080817,GPR82,NP_543007,G protein-coupled receptor 82,Xp11.4,Q96P67,ENSG00000171657,ENSP00000303549
gpcr,A,Oxoglutarate receptor,NM_080818,OXGR1,NP_543008,oxoglutarate receptor 1,13q32.2,Q96P68,ENSG00000165621,ENSP00000298440
gpcr,A,Class A Orphans,NM_080819,GPR78,NP_543009,G protein-coupled receptor 78,4p16.1,Q96P69,ENSG00000155269,ENSP00000371927
gpcr,A,Olfactory recpetors,NM_080859,OR1K1,,,,,ENSG00000165204,ENSP00000277309
gpcr,A,Class A Orphans,NM_080865,GPR62,NP_543141,G protein-coupled receptor 62,3p21.1-p21.9,Q9BZJ7,ENSG00000180929,ENSP00000319250
gpcr,A,Relaxin family peptide receptors,NM_130806,RXFP2,NP_570718,relaxin family peptide receptor 2,13q13.1,Q8WXD0,ENSG00000133105,ENSP00000298386
gpcr,A,Trace amine receptor,NM_138327,TAAR1,NP_612200,trace amine associated receptor 1,6q23.2,Q96RJ0,ENSG00000146399,ENSP00000275216
gpcr,A,Class A Orphans,NM_138445,GPR146,NP_612454,G protein-coupled receptor 146,7p22.3,Q96CH1,ENSG00000164849,ENSP00000380283
gpcr,C,Taste 1 receptors,NM_138697,TAS1R1,NP_619642|NP_803884,taste 1 receptor member 1,1p36.23,Q7RTX1,ENSG00000173662,ENSP00000331867
gpcr,A,Prokineticin receptors,NM_138964,PROKR1,NP_620414,prokineticin receptor 1,2p13.3,Q8TCW9,ENSG00000169618,ENSP00000303775
gpcr,A,Prokineticin receptors,NM_144773,PROKR2,NP_658986,prokineticin receptor 2,20p12.3,Q8NFJ6,ENSG00000101292,ENSP00000217270
gpcr,A,Class A Orphans,NM_145015,MRGPRF,NP_659452,MAS related GPR family member F,11q13.2,Q96AM1,ENSG00000172935,ENSP00000309782
gpcr,B2,Adhesion Class GPCRs,NM_145290,ADGRA3,NP_660333,adhesion G protein-coupled receptor A3,4p15.31,Q8IWK6,ENSG00000152990,ENSP00000334952
gpcr,A,Class A Orphans,NM_147199,MRGPRX1,NP_671732,MAS related GPR family member X1,11p15.1,Q96LB2,ENSG00000170255,ENSP00000305766
gpcr,A,Leukotriene receptors,NM_148962,OXER1,NP_683765,oxoeicosanoid receptor 1,2p21,Q8TDS5,ENSG00000162881,ENSP00000367930
gpcr,C,Class C Orphans,NM_148963,GPRC6A,NP_683766,G protein-coupled receptor class C group 6 member A,6q22.31,Q5T6X5,ENSG00000173612,ENSP00000309493
gpcr,C,Taste 1 receptors,NM_152228,TAS1R3,NP_689414,taste 1 receptor member 3,1p36,Q7RTX0,ENSG00000169962,ENSP00000344411
gpcr,C,Taste 1 receptors,NM_152232,TAS1R2,NP_689418,taste 1 receptor member 2,1p36.13,Q8TE23,ENSG00000179002,ENSP00000364520
gpcr,A,Olfactory recpetors,NM_152430,OR51E1,,,,,ENSG00000180785,ENSP00000380155
gpcr,C,Class C Orphans,NM_153002,GPR156,NP_694547,G protein-coupled receptor 156,3q13.33,Q8NFN8,ENSG00000175697,ENSP00000324553
gpcr,A,Class A Orphans,NM_153442,GPR26,NP_703143,G protein-coupled receptor 26,10q26.2-q26.3,Q8NDV2,ENSG00000154478,ENSP00000284674
gpcr,A,Olfactory recpetors,NM_153444,OR5P2,,,,,ENSG00000280931,ENSP00000486671
gpcr,A,Olfactory recpetors,NM_153444,OR5P2,,,,,ENSG00000183303,ENSP00000331823
gpcr,A,Olfactory recpetors,NM_153444,OR5P2,,,,,ENSG00000276025,ENSP00000480613
gpcr,A,Olfactory recpetors,NM_153445,OR5P3,,,,,ENSG00000280808,ENSP00000486070
gpcr,A,Olfactory recpetors,NM_153445,OR5P3,,,,,ENSG00000278253,ENSP00000482237
gpcr,A,Olfactory recpetors,NM_153445,OR5P3,,,,,ENSG00000182334,ENSP00000332068
gpcr,A,Class A Orphans,NM_153832,GPR161,NP_722561,G protein-coupled receptor 161,1q23.3,Q8N6U8,ENSG00000143147,ENSP00000356812
gpcr,B2,Adhesion Class GPCRs,NM_153834,ADGRG4,NP_722576,adhesion G protein-coupled receptor G4,Xq26.3,Q8IZF6,ENSG00000156920,ENSP00000377699
gpcr,B2,Adhesion Class GPCRs,NM_153835,ADGRF3,NP_722577,adhesion G protein-coupled receptor F3,2p24.1,Q8IZF5,ENSG00000173567,ENSP00000327396
gpcr,B2,Adhesion Class GPCRs,NM_153837,ADGRG5,NP_722579,adhesion G protein-coupled receptor G5,16q13,Q8IZF4,ENSG00000159618,ENSP00000342981
gpcr,B2,Adhesion Class GPCRs,NM_153838,ADGRF4,NP_722580,adhesion G protein-coupled receptor F4,6p12.3,Q8IZF3,ENSG00000153294,ENSP00000283303
gpcr,B2,Adhesion Class GPCRs,NM_153839,ADGRF2,NP_722581,adhesion G protein-coupled receptor F2,6p12.3,Q8IZF7,ENSG00000164393,ENSP00000381727
gpcr,B2,Adhesion Class GPCRs,NM_153840,ADGRF1,NP_722582,adhesion G protein-coupled receptor F1,6p12.3,Q5T601,ENSG00000153292,ENSP00000360299
gpcr,A,Bile acid receptor,NM_170699,GPBAR1,NP_001070662,G protein-coupled bile acid receptor 1,2q35,Q8TDU6,ENSG00000179921,ENSP00000430202
gpcr,B2,Adhesion Class GPCRs,NM_170776,ADGRG3,NP_740746,adhesion G protein-coupled receptor G3,16q13,Q86Y34,ENSG00000182885,ENSP00000332900
gpcr,A,Olfactory recpetors,NM_172194,OR4Q3,,,,,ENSG00000182652,ENSP00000330049
gpcr,A,Olfactory recpetors,NM_173351,OR6B3,,,,,ENSG00000178586,ENSP00000322435
gpcr,A,Class A Orphans,NM_175057,TAAR9,NP_778227,trace amine associated receptor 9 (gene/pseudogene),6q23.2,Q96RI9,ENSG00000237110,ENSP00000424607
gpcr,A,Class A Orphans,NM_175067,TAAR6,NP_778237,trace amine associated receptor 6,6q23.2,Q96RI8,ENSG00000146383,ENSP00000275198
gpcr,A,Olfactory recpetors,NM_175883,OR7D2,,,,,ENSG00000188000,ENSP00000345563
gpcr,A,Cholecystokinin receptors,NM_176875,CCKBR,NP_795344,cholecystokinin B receptor,11p15.4,P32239,ENSG00000110148,ENSP00000335544
gpcr,A,P2Y receptors,NM_176894,P2RY13,NP_795713,purinergic receptor P2Y13,3q24,Q9BPV8,ENSG00000181631,ENSP00000320376
gpcr,A,Hydroxycarboxylic acid receptors,NM_177551,HCAR2,NP_808219,hydroxycarboxylic acid receptor 2,12q24.31,Q8TDS4,ENSG00000182782,ENSP00000375066
gpcr,A,Class A Orphans,NM_178129,P2RY8,NP_835230,P2Y receptor family member 8,Xp22.33 and Yp11.3,Q86VZ1,ENSG00000182162,ENSP00000370697
gpcr,A,Olfactory recpetors,NM_178168,OR10A5,,,,,ENSG00000166363,ENSP00000299454
gpcr,A,Chemokine receptors,NM_178445,ACKR4,NP_848540,atypical chemokine receptor 4,3q22,Q9NPB9,ENSG00000129048,ENSP00000249887
gpcr,A,"GPR18, GPR55 and GPR119",NM_178471,GPR119,NP_848566,G protein-coupled receptor 119,Xq26.1,Q8TDV5,ENSG00000147262,ENSP00000276218
gpcr,A,Class A Orphans,NM_178471,GPR119,NP_848566,G protein-coupled receptor 119,Xq26.1,Q8TDV5,ENSG00000147262,ENSP00000276218
gpcr,A,Leukotriene receptors,NM_181657,LTB4R,NP_858043,leukotriene B4 receptor,14q11.2-q12,Q15722,ENSG00000285456,ENSP00000495785
gpcr,A,Leukotriene receptors,NM_181657,LTB4R,NP_858043,leukotriene B4 receptor,14q11.2-q12,Q15722,ENSG00000213903,ENSP00000380008
gpcr,A,Opsin receptors,NM_181744,OPN5,NP_859528,opsin 5,6p12.3,Q6U736,ENSG00000124818,ENSP00000360255
gpcr,A,Free fatty acid receptors,NM_181745,FFAR4,NP_859529,free fatty acid receptor 4,10q23.33,Q5NUL3,ENSG00000186188,ENSP00000360538
gpcr,A,Class A Orphans,NM_181790,GPR142,NP_861455,G protein-coupled receptor 142,17q23,Q7Z601,ENSG00000257008,ENSP00000335158
gpcr,A,Class A Orphans,NM_181791,GPR141,NP_861456,G protein-coupled receptor 141,7p14.1,Q7Z602,ENSG00000187037,ENSP00000390410
gpcr,A,Relaxin family peptide receptors,NM_181885,RXFP4,NP_871001,relaxin family peptide/INSL5 receptor 4,1q22,Q8TDU9,ENSG00000173080,ENSP00000357301
gpcr,A,Class A Orphans,NM_194251,GPR151,NP_919227,G protein-coupled receptor 151,5q32,Q8TDV0,ENSG00000173250,ENSP00000308733
gpcr,A,Olfactory recpetors,NM_198074,OR2C3,,,,,ENSG00000196242,ENSP00000355443
gpcr,A,QRFP receptor,NM_198179,QRFPR,NP_937822,pyroglutamylated RFamide peptide receptor,4q27,Q96P65,ENSG00000186867,ENSP00000377948
gpcr,A,Ghrelin receptor,NM_198407,GHSR,NP_940799,growth hormone secretagogue receptor,3q26.31,Q92847,ENSG00000121853,ENSP00000241256
gpcr,B2,Adhesion Class GPCRs,NM_198827,ADGRD1,NP_942122,adhesion G protein-coupled receptor D1,12q24.33,Q6QNK2,ENSG00000111452,ENSP00000261654
gpcr,A,Class A Orphans,NM_198923,MRGPRD,NP_944605,MAS related GPR family member D,11q13.3,Q8TDS7,ENSG00000172938,ENSP00000310631
gpcr,A,Olfactory recpetors,NM_198944,OR7C1,,,,,ENSG00000127530,ENSP00000248073
gpcr,A,Class A Orphans,NM_199243,GPR150,NP_954713,G protein-coupled receptor 150,5q15,Q8NGU9,ENSG00000178015,ENSP00000369344
gpcr,A,Olfactory recpetors,NM_205859,OR2K2,,,,,ENSG00000171133,ENSP00000305055
gpcr,A,Olfactory recpetors,NM_206880,OR2V2,,,,,ENSG00000182613,ENSP00000332185
gpcr,A,Olfactory recpetors,NM_206899,OR10P1,,,,,ENSG00000175398,ENSP00000308082
gpcr,A,Class A Orphans,NM_206997,GPR152,NP_996880,G protein-coupled receptor 152,11q13.1,Q8TDT2,ENSG00000175514,ENSP00000310255
gpcr,A,Neuropeptide S receptor,NM_207172,NPSR1,NP_997055|NP_997056,neuropeptide S receptor 1,7p14.3,Q6W5P4,ENSG00000187258,ENSP00000353788
gpcr,A,Olfactory recpetors,NM_207186,OR10A4,,,,,ENSG00000170782,ENSP00000369157
gpcr,A,Class A Orphans,NM_207364,GPR148,NP_997247,G protein-coupled receptor 148,2q14.3,Q8TDV2,ENSG00000173302,ENSP00000308908
gpcr,A,Class A Orphans,NM_207370,GPR153,NP_997253,G protein-coupled receptor 153,1p36.31,Q6NV75,ENSG00000158292,ENSP00000367125
gpcr,A,Olfactory recpetors,NM_207374,OR10W1,,,,,ENSG00000172772,ENSP00000378516